"","year","gender","agegroup","measurement","value"
"1",1999,"Female","[15:20)","artcoverage",0
"2",2000,"Female","[15:20)","artcoverage",0
"3",2002,"Female","[15:20)","artcoverage",0
"4",2003,"Female","[15:20)","artcoverage",0
"5",2004,"Female","[15:20)","artcoverage",0
"6",2006,"Female","[15:20)","artcoverage",0
"7",2007,"Female","[15:20)","artcoverage",0
"8",2009,"Female","[15:20)","artcoverage",0.0526315789473684
"9",2011,"Female","[15:20)","artcoverage",0
"10",2012,"Female","[15:20)","artcoverage",0.0909090909090909
"11",2014,"Female","[15:20)","artcoverage",0.304347826086957
"12",2016,"Female","[15:20)","artcoverage",0.552631578947368
"13",1999,"Male","[15:20)","artcoverage",0
"14",2000,"Male","[15:20)","artcoverage",0
"15",2002,"Male","[15:20)","artcoverage",0
"16",2003,"Male","[15:20)","artcoverage",0
"17",2004,"Male","[15:20)","artcoverage",0
"18",2006,"Male","[15:20)","artcoverage",0
"19",2007,"Male","[15:20)","artcoverage",0.2
"20",2009,"Male","[15:20)","artcoverage",0.166666666666667
"21",2011,"Male","[15:20)","artcoverage",0.2
"22",2012,"Male","[15:20)","artcoverage",0.461538461538462
"23",2014,"Male","[15:20)","artcoverage",0.25
"24",2016,"Male","[15:20)","artcoverage",0.5
"25",1999,"Female","[20:25)","artcoverage",0
"26",2000,"Female","[20:25)","artcoverage",0
"27",2002,"Female","[20:25)","artcoverage",0
"28",2003,"Female","[20:25)","artcoverage",0
"29",2004,"Female","[20:25)","artcoverage",0
"30",2006,"Female","[20:25)","artcoverage",0.0277777777777778
"31",2007,"Female","[20:25)","artcoverage",0.0155038759689922
"32",2009,"Female","[20:25)","artcoverage",0.0275229357798165
"33",2011,"Female","[20:25)","artcoverage",0.0818181818181818
"34",2012,"Female","[20:25)","artcoverage",0.19672131147541
"35",2014,"Female","[20:25)","artcoverage",0.397058823529412
"36",2016,"Female","[20:25)","artcoverage",0.623931623931624
"37",1999,"Male","[20:25)","artcoverage",0
"38",2000,"Male","[20:25)","artcoverage",0
"39",2002,"Male","[20:25)","artcoverage",0
"40",2003,"Male","[20:25)","artcoverage",0
"41",2004,"Male","[20:25)","artcoverage",0
"42",2006,"Male","[20:25)","artcoverage",0
"43",2007,"Male","[20:25)","artcoverage",0
"44",2009,"Male","[20:25)","artcoverage",0
"45",2011,"Male","[20:25)","artcoverage",0
"46",2012,"Male","[20:25)","artcoverage",0.0333333333333333
"47",2014,"Male","[20:25)","artcoverage",0.151515151515152
"48",2016,"Male","[20:25)","artcoverage",0.275862068965517
"49",1999,"Female","[25:30)","artcoverage",0
"50",2000,"Female","[25:30)","artcoverage",0
"51",2002,"Female","[25:30)","artcoverage",0
"52",2003,"Female","[25:30)","artcoverage",0
"53",2004,"Female","[25:30)","artcoverage",0
"54",2006,"Female","[25:30)","artcoverage",0.0778443113772455
"55",2007,"Female","[25:30)","artcoverage",0.101796407185629
"56",2009,"Female","[25:30)","artcoverage",0.102564102564103
"57",2011,"Female","[25:30)","artcoverage",0.12707182320442
"58",2012,"Female","[25:30)","artcoverage",0.204188481675393
"59",2014,"Female","[25:30)","artcoverage",0.453125
"60",2016,"Female","[25:30)","artcoverage",0.604651162790698
"61",1999,"Male","[25:30)","artcoverage",0
"62",2000,"Male","[25:30)","artcoverage",0
"63",2002,"Male","[25:30)","artcoverage",0
"64",2003,"Male","[25:30)","artcoverage",0
"65",2004,"Male","[25:30)","artcoverage",0
"66",2006,"Male","[25:30)","artcoverage",0.024390243902439
"67",2007,"Male","[25:30)","artcoverage",0.0476190476190476
"68",2009,"Male","[25:30)","artcoverage",0.0759493670886076
"69",2011,"Male","[25:30)","artcoverage",0.0833333333333333
"70",2012,"Male","[25:30)","artcoverage",0.1875
"71",2014,"Male","[25:30)","artcoverage",0.246753246753247
"72",2016,"Male","[25:30)","artcoverage",0.417910447761194
"73",1999,"Female","[30:35)","artcoverage",0
"74",2000,"Female","[30:35)","artcoverage",0
"75",2002,"Female","[30:35)","artcoverage",0
"76",2003,"Female","[30:35)","artcoverage",0
"77",2004,"Female","[30:35)","artcoverage",0
"78",2006,"Female","[30:35)","artcoverage",0.153846153846154
"79",2007,"Female","[30:35)","artcoverage",0.212765957446809
"80",2009,"Female","[30:35)","artcoverage",0.282722513089005
"81",2011,"Female","[30:35)","artcoverage",0.34
"82",2012,"Female","[30:35)","artcoverage",0.42156862745098
"83",2014,"Female","[30:35)","artcoverage",0.6
"84",2016,"Female","[30:35)","artcoverage",0.706521739130435
"85",1999,"Male","[30:35)","artcoverage",0
"86",2000,"Male","[30:35)","artcoverage",0
"87",2002,"Male","[30:35)","artcoverage",0
"88",2003,"Male","[30:35)","artcoverage",0
"89",2004,"Male","[30:35)","artcoverage",0
"90",2006,"Male","[30:35)","artcoverage",0.0632911392405063
"91",2007,"Male","[30:35)","artcoverage",0.0941176470588235
"92",2009,"Male","[30:35)","artcoverage",0.112244897959184
"93",2011,"Male","[30:35)","artcoverage",0.142857142857143
"94",2012,"Male","[30:35)","artcoverage",0.219512195121951
"95",2014,"Male","[30:35)","artcoverage",0.438775510204082
"96",2016,"Male","[30:35)","artcoverage",0.588235294117647
"97",1999,"Female","[35:40)","artcoverage",0
"98",2000,"Female","[35:40)","artcoverage",0
"99",2002,"Female","[35:40)","artcoverage",0
"100",2003,"Female","[35:40)","artcoverage",0
"101",2004,"Female","[35:40)","artcoverage",0
"102",2006,"Female","[35:40)","artcoverage",0.28735632183908
"103",2007,"Female","[35:40)","artcoverage",0.307692307692308
"104",2009,"Female","[35:40)","artcoverage",0.411764705882353
"105",2011,"Female","[35:40)","artcoverage",0.383720930232558
"106",2012,"Female","[35:40)","artcoverage",0.460732984293194
"107",2014,"Female","[35:40)","artcoverage",0.719298245614035
"108",2016,"Female","[35:40)","artcoverage",0.800884955752212
"109",1999,"Male","[35:40)","artcoverage",0
"110",2000,"Male","[35:40)","artcoverage",0
"111",2002,"Male","[35:40)","artcoverage",0
"112",2003,"Male","[35:40)","artcoverage",0
"113",2004,"Male","[35:40)","artcoverage",0
"114",2006,"Male","[35:40)","artcoverage",0.157894736842105
"115",2007,"Male","[35:40)","artcoverage",0.235294117647059
"116",2009,"Male","[35:40)","artcoverage",0.276315789473684
"117",2011,"Male","[35:40)","artcoverage",0.230769230769231
"118",2012,"Male","[35:40)","artcoverage",0.373831775700935
"119",2014,"Male","[35:40)","artcoverage",0.607142857142857
"120",2016,"Male","[35:40)","artcoverage",0.689655172413793
"121",1999,"Female","[40:45)","artcoverage",0
"122",2000,"Female","[40:45)","artcoverage",0
"123",2002,"Female","[40:45)","artcoverage",0
"124",2003,"Female","[40:45)","artcoverage",0
"125",2004,"Female","[40:45)","artcoverage",0
"126",2006,"Female","[40:45)","artcoverage",0.230769230769231
"127",2007,"Female","[40:45)","artcoverage",0.359550561797753
"128",2009,"Female","[40:45)","artcoverage",0.395348837209302
"129",2011,"Female","[40:45)","artcoverage",0.519230769230769
"130",2012,"Female","[40:45)","artcoverage",0.595238095238095
"131",2014,"Female","[40:45)","artcoverage",0.682758620689655
"132",2016,"Female","[40:45)","artcoverage",0.811764705882353
"133",1999,"Male","[40:45)","artcoverage",0
"134",2000,"Male","[40:45)","artcoverage",0
"135",2002,"Male","[40:45)","artcoverage",0
"136",2003,"Male","[40:45)","artcoverage",0
"137",2004,"Male","[40:45)","artcoverage",0
"138",2006,"Male","[40:45)","artcoverage",0.140350877192982
"139",2007,"Male","[40:45)","artcoverage",0.254237288135593
"140",2009,"Male","[40:45)","artcoverage",0.3
"141",2011,"Male","[40:45)","artcoverage",0.337662337662338
"142",2012,"Male","[40:45)","artcoverage",0.402597402597403
"143",2014,"Male","[40:45)","artcoverage",0.523255813953488
"144",2016,"Male","[40:45)","artcoverage",0.688888888888889
"145",1999,"Female","[45:50)","artcoverage",0
"146",2000,"Female","[45:50)","artcoverage",0
"147",2002,"Female","[45:50)","artcoverage",0
"148",2003,"Female","[45:50)","artcoverage",0
"149",2004,"Female","[45:50)","artcoverage",0
"150",2006,"Female","[45:50)","artcoverage",0.232558139534884
"151",2007,"Female","[45:50)","artcoverage",0.276595744680851
"152",2009,"Female","[45:50)","artcoverage",0.274193548387097
"153",2011,"Female","[45:50)","artcoverage",0.466666666666667
"154",2012,"Female","[45:50)","artcoverage",0.608695652173913
"155",2014,"Female","[45:50)","artcoverage",0.711111111111111
"156",2016,"Female","[45:50)","artcoverage",0.845454545454545
"157",1999,"Male","[45:50)","artcoverage",0
"158",2000,"Male","[45:50)","artcoverage",0
"159",2002,"Male","[45:50)","artcoverage",0
"160",2003,"Male","[45:50)","artcoverage",0
"161",2004,"Male","[45:50)","artcoverage",0
"162",2006,"Male","[45:50)","artcoverage",0.0476190476190476
"163",2007,"Male","[45:50)","artcoverage",0.333333333333333
"164",2009,"Male","[45:50)","artcoverage",0.434782608695652
"165",2011,"Male","[45:50)","artcoverage",0.471698113207547
"166",2012,"Male","[45:50)","artcoverage",0.4
"167",2014,"Male","[45:50)","artcoverage",0.583333333333333
"168",2016,"Male","[45:50)","artcoverage",0.733333333333333
"169",1999,"Female","[15:20)","artsize",0
"170",2000,"Female","[15:20)","artsize",0
"171",2002,"Female","[15:20)","artsize",0
"172",2003,"Female","[15:20)","artsize",0
"173",2004,"Female","[15:20)","artsize",0
"174",2006,"Female","[15:20)","artsize",0
"175",2007,"Female","[15:20)","artsize",0
"176",2009,"Female","[15:20)","artsize",1
"177",2011,"Female","[15:20)","artsize",0
"178",2012,"Female","[15:20)","artsize",3
"179",2014,"Female","[15:20)","artsize",7
"180",2016,"Female","[15:20)","artsize",21
"181",1999,"Male","[15:20)","artsize",0
"182",2000,"Male","[15:20)","artsize",0
"183",2002,"Male","[15:20)","artsize",0
"184",2003,"Male","[15:20)","artsize",0
"185",2004,"Male","[15:20)","artsize",0
"186",2006,"Male","[15:20)","artsize",0
"187",2007,"Male","[15:20)","artsize",1
"188",2009,"Male","[15:20)","artsize",1
"189",2011,"Male","[15:20)","artsize",2
"190",2012,"Male","[15:20)","artsize",6
"191",2014,"Male","[15:20)","artsize",1
"192",2016,"Male","[15:20)","artsize",2
"193",1999,"Female","[20:25)","artsize",0
"194",2000,"Female","[20:25)","artsize",0
"195",2002,"Female","[20:25)","artsize",0
"196",2003,"Female","[20:25)","artsize",0
"197",2004,"Female","[20:25)","artsize",0
"198",2006,"Female","[20:25)","artsize",3
"199",2007,"Female","[20:25)","artsize",2
"200",2009,"Female","[20:25)","artsize",3
"201",2011,"Female","[20:25)","artsize",9
"202",2012,"Female","[20:25)","artsize",24
"203",2014,"Female","[20:25)","artsize",54
"204",2016,"Female","[20:25)","artsize",73
"205",1999,"Male","[20:25)","artsize",0
"206",2000,"Male","[20:25)","artsize",0
"207",2002,"Male","[20:25)","artsize",0
"208",2003,"Male","[20:25)","artsize",0
"209",2004,"Male","[20:25)","artsize",0
"210",2006,"Male","[20:25)","artsize",0
"211",2007,"Male","[20:25)","artsize",0
"212",2009,"Male","[20:25)","artsize",0
"213",2011,"Male","[20:25)","artsize",0
"214",2012,"Male","[20:25)","artsize",1
"215",2014,"Male","[20:25)","artsize",5
"216",2016,"Male","[20:25)","artsize",8
"217",1999,"Female","[25:30)","artsize",0
"218",2000,"Female","[25:30)","artsize",0
"219",2002,"Female","[25:30)","artsize",0
"220",2003,"Female","[25:30)","artsize",0
"221",2004,"Female","[25:30)","artsize",0
"222",2006,"Female","[25:30)","artsize",13
"223",2007,"Female","[25:30)","artsize",17
"224",2009,"Female","[25:30)","artsize",16
"225",2011,"Female","[25:30)","artsize",23
"226",2012,"Female","[25:30)","artsize",39
"227",2014,"Female","[25:30)","artsize",87
"228",2016,"Female","[25:30)","artsize",130
"229",1999,"Male","[25:30)","artsize",0
"230",2000,"Male","[25:30)","artsize",0
"231",2002,"Male","[25:30)","artsize",0
"232",2003,"Male","[25:30)","artsize",0
"233",2004,"Male","[25:30)","artsize",0
"234",2006,"Male","[25:30)","artsize",2
"235",2007,"Male","[25:30)","artsize",4
"236",2009,"Male","[25:30)","artsize",6
"237",2011,"Male","[25:30)","artsize",6
"238",2012,"Male","[25:30)","artsize",15
"239",2014,"Male","[25:30)","artsize",19
"240",2016,"Male","[25:30)","artsize",28
"241",1999,"Female","[30:35)","artsize",0
"242",2000,"Female","[30:35)","artsize",0
"243",2002,"Female","[30:35)","artsize",0
"244",2003,"Female","[30:35)","artsize",0
"245",2004,"Female","[30:35)","artsize",0
"246",2006,"Female","[30:35)","artsize",24
"247",2007,"Female","[30:35)","artsize",40
"248",2009,"Female","[30:35)","artsize",54
"249",2011,"Female","[30:35)","artsize",68
"250",2012,"Female","[30:35)","artsize",86
"251",2014,"Female","[30:35)","artsize",117
"252",2016,"Female","[30:35)","artsize",130
"253",1999,"Male","[30:35)","artsize",0
"254",2000,"Male","[30:35)","artsize",0
"255",2002,"Male","[30:35)","artsize",0
"256",2003,"Male","[30:35)","artsize",0
"257",2004,"Male","[30:35)","artsize",0
"258",2006,"Male","[30:35)","artsize",5
"259",2007,"Male","[30:35)","artsize",8
"260",2009,"Male","[30:35)","artsize",11
"261",2011,"Male","[30:35)","artsize",16
"262",2012,"Male","[30:35)","artsize",27
"263",2014,"Male","[30:35)","artsize",43
"264",2016,"Male","[30:35)","artsize",50
"265",1999,"Female","[35:40)","artsize",0
"266",2000,"Female","[35:40)","artsize",0
"267",2002,"Female","[35:40)","artsize",0
"268",2003,"Female","[35:40)","artsize",0
"269",2004,"Female","[35:40)","artsize",0
"270",2006,"Female","[35:40)","artsize",25
"271",2007,"Female","[35:40)","artsize",32
"272",2009,"Female","[35:40)","artsize",56
"273",2011,"Female","[35:40)","artsize",66
"274",2012,"Female","[35:40)","artsize",88
"275",2014,"Female","[35:40)","artsize",164
"276",2016,"Female","[35:40)","artsize",181
"277",1999,"Male","[35:40)","artsize",0
"278",2000,"Male","[35:40)","artsize",0
"279",2002,"Male","[35:40)","artsize",0
"280",2003,"Male","[35:40)","artsize",0
"281",2004,"Male","[35:40)","artsize",0
"282",2006,"Male","[35:40)","artsize",12
"283",2007,"Male","[35:40)","artsize",16
"284",2009,"Male","[35:40)","artsize",21
"285",2011,"Male","[35:40)","artsize",21
"286",2012,"Male","[35:40)","artsize",40
"287",2014,"Male","[35:40)","artsize",68
"288",2016,"Male","[35:40)","artsize",80
"289",1999,"Female","[40:45)","artsize",0
"290",2000,"Female","[40:45)","artsize",0
"291",2002,"Female","[40:45)","artsize",0
"292",2003,"Female","[40:45)","artsize",0
"293",2004,"Female","[40:45)","artsize",0
"294",2006,"Female","[40:45)","artsize",15
"295",2007,"Female","[40:45)","artsize",32
"296",2009,"Female","[40:45)","artsize",34
"297",2011,"Female","[40:45)","artsize",54
"298",2012,"Female","[40:45)","artsize",75
"299",2014,"Female","[40:45)","artsize",99
"300",2016,"Female","[40:45)","artsize",138
"301",1999,"Male","[40:45)","artsize",0
"302",2000,"Male","[40:45)","artsize",0
"303",2002,"Male","[40:45)","artsize",0
"304",2003,"Male","[40:45)","artsize",0
"305",2004,"Male","[40:45)","artsize",0
"306",2006,"Male","[40:45)","artsize",8
"307",2007,"Male","[40:45)","artsize",15
"308",2009,"Male","[40:45)","artsize",21
"309",2011,"Male","[40:45)","artsize",26
"310",2012,"Male","[40:45)","artsize",31
"311",2014,"Male","[40:45)","artsize",45
"312",2016,"Male","[40:45)","artsize",62
"313",1999,"Female","[45:50)","artsize",0
"314",2000,"Female","[45:50)","artsize",0
"315",2002,"Female","[45:50)","artsize",0
"316",2003,"Female","[45:50)","artsize",0
"317",2004,"Female","[45:50)","artsize",0
"318",2006,"Female","[45:50)","artsize",10
"319",2007,"Female","[45:50)","artsize",13
"320",2009,"Female","[45:50)","artsize",17
"321",2011,"Female","[45:50)","artsize",35
"322",2012,"Female","[45:50)","artsize",56
"323",2014,"Female","[45:50)","artsize",64
"324",2016,"Female","[45:50)","artsize",93
"325",1999,"Male","[45:50)","artsize",0
"326",2000,"Male","[45:50)","artsize",0
"327",2002,"Male","[45:50)","artsize",0
"328",2003,"Male","[45:50)","artsize",0
"329",2004,"Male","[45:50)","artsize",0
"330",2006,"Male","[45:50)","artsize",1
"331",2007,"Male","[45:50)","artsize",13
"332",2009,"Male","[45:50)","artsize",20
"333",2011,"Male","[45:50)","artsize",25
"334",2012,"Male","[45:50)","artsize",26
"335",2014,"Male","[45:50)","artsize",42
"336",2016,"Male","[45:50)","artsize",55
"337",1999,"Female","[15:20)","circsize",0
"338",2000,"Female","[15:20)","circsize",0
"339",2002,"Female","[15:20)","circsize",0
"340",2003,"Female","[15:20)","circsize",0
"341",2004,"Female","[15:20)","circsize",0
"342",2006,"Female","[15:20)","circsize",0
"343",2007,"Female","[15:20)","circsize",0
"344",2009,"Female","[15:20)","circsize",0
"345",2011,"Female","[15:20)","circsize",0
"346",2012,"Female","[15:20)","circsize",0
"347",2014,"Female","[15:20)","circsize",0
"348",2016,"Female","[15:20)","circsize",0
"349",1999,"Male","[15:20)","circsize",77
"350",2000,"Male","[15:20)","circsize",77
"351",2002,"Male","[15:20)","circsize",92
"352",2003,"Male","[15:20)","circsize",96
"353",2004,"Male","[15:20)","circsize",93
"354",2006,"Male","[15:20)","circsize",114
"355",2007,"Male","[15:20)","circsize",169
"356",2009,"Male","[15:20)","circsize",203
"357",2011,"Male","[15:20)","circsize",293
"358",2012,"Male","[15:20)","circsize",361
"359",2014,"Male","[15:20)","circsize",589
"360",2016,"Male","[15:20)","circsize",781
"361",1999,"Female","[20:25)","circsize",0
"362",2000,"Female","[20:25)","circsize",0
"363",2002,"Female","[20:25)","circsize",0
"364",2003,"Female","[20:25)","circsize",0
"365",2004,"Female","[20:25)","circsize",0
"366",2006,"Female","[20:25)","circsize",0
"367",2007,"Female","[20:25)","circsize",0
"368",2009,"Female","[20:25)","circsize",0
"369",2011,"Female","[20:25)","circsize",0
"370",2012,"Female","[20:25)","circsize",0
"371",2014,"Female","[20:25)","circsize",0
"372",2016,"Female","[20:25)","circsize",0
"373",1999,"Male","[20:25)","circsize",74
"374",2000,"Male","[20:25)","circsize",84
"375",2002,"Male","[20:25)","circsize",92
"376",2003,"Male","[20:25)","circsize",95
"377",2004,"Male","[20:25)","circsize",102
"378",2006,"Male","[20:25)","circsize",144
"379",2007,"Male","[20:25)","circsize",194
"380",2009,"Male","[20:25)","circsize",211
"381",2011,"Male","[20:25)","circsize",262
"382",2012,"Male","[20:25)","circsize",347
"383",2014,"Male","[20:25)","circsize",461
"384",2016,"Male","[20:25)","circsize",582
"385",1999,"Female","[25:30)","circsize",0
"386",2000,"Female","[25:30)","circsize",0
"387",2002,"Female","[25:30)","circsize",0
"388",2003,"Female","[25:30)","circsize",0
"389",2004,"Female","[25:30)","circsize",0
"390",2006,"Female","[25:30)","circsize",0
"391",2007,"Female","[25:30)","circsize",0
"392",2009,"Female","[25:30)","circsize",0
"393",2011,"Female","[25:30)","circsize",0
"394",2012,"Female","[25:30)","circsize",0
"395",2014,"Female","[25:30)","circsize",0
"396",2016,"Female","[25:30)","circsize",0
"397",1999,"Male","[25:30)","circsize",68
"398",2000,"Male","[25:30)","circsize",74
"399",2002,"Male","[25:30)","circsize",108
"400",2003,"Male","[25:30)","circsize",97
"401",2004,"Male","[25:30)","circsize",112
"402",2006,"Male","[25:30)","circsize",149
"403",2007,"Male","[25:30)","circsize",202
"404",2009,"Male","[25:30)","circsize",252
"405",2011,"Male","[25:30)","circsize",310
"406",2012,"Male","[25:30)","circsize",379
"407",2014,"Male","[25:30)","circsize",437
"408",2016,"Male","[25:30)","circsize",505
"409",1999,"Female","[30:35)","circsize",0
"410",2000,"Female","[30:35)","circsize",0
"411",2002,"Female","[30:35)","circsize",0
"412",2003,"Female","[30:35)","circsize",0
"413",2004,"Female","[30:35)","circsize",0
"414",2006,"Female","[30:35)","circsize",0
"415",2007,"Female","[30:35)","circsize",0
"416",2009,"Female","[30:35)","circsize",0
"417",2011,"Female","[30:35)","circsize",0
"418",2012,"Female","[30:35)","circsize",0
"419",2014,"Female","[30:35)","circsize",0
"420",2016,"Female","[30:35)","circsize",0
"421",1999,"Male","[30:35)","circsize",71
"422",2000,"Male","[30:35)","circsize",78
"423",2002,"Male","[30:35)","circsize",88
"424",2003,"Male","[30:35)","circsize",80
"425",2004,"Male","[30:35)","circsize",76
"426",2006,"Male","[30:35)","circsize",114
"427",2007,"Male","[30:35)","circsize",189
"428",2009,"Male","[30:35)","circsize",205
"429",2011,"Male","[30:35)","circsize",291
"430",2012,"Male","[30:35)","circsize",347
"431",2014,"Male","[30:35)","circsize",400
"432",2016,"Male","[30:35)","circsize",404
"433",1999,"Female","[35:40)","circsize",0
"434",2000,"Female","[35:40)","circsize",0
"435",2002,"Female","[35:40)","circsize",0
"436",2003,"Female","[35:40)","circsize",0
"437",2004,"Female","[35:40)","circsize",0
"438",2006,"Female","[35:40)","circsize",0
"439",2007,"Female","[35:40)","circsize",0
"440",2009,"Female","[35:40)","circsize",0
"441",2011,"Female","[35:40)","circsize",0
"442",2012,"Female","[35:40)","circsize",0
"443",2014,"Female","[35:40)","circsize",0
"444",2016,"Female","[35:40)","circsize",0
"445",1999,"Male","[35:40)","circsize",49
"446",2000,"Male","[35:40)","circsize",44
"447",2002,"Male","[35:40)","circsize",58
"448",2003,"Male","[35:40)","circsize",56
"449",2004,"Male","[35:40)","circsize",77
"450",2006,"Male","[35:40)","circsize",96
"451",2007,"Male","[35:40)","circsize",129
"452",2009,"Male","[35:40)","circsize",185
"453",2011,"Male","[35:40)","circsize",241
"454",2012,"Male","[35:40)","circsize",304
"455",2014,"Male","[35:40)","circsize",326
"456",2016,"Male","[35:40)","circsize",393
"457",1999,"Female","[40:45)","circsize",0
"458",2000,"Female","[40:45)","circsize",0
"459",2002,"Female","[40:45)","circsize",0
"460",2003,"Female","[40:45)","circsize",0
"461",2004,"Female","[40:45)","circsize",0
"462",2006,"Female","[40:45)","circsize",0
"463",2007,"Female","[40:45)","circsize",0
"464",2009,"Female","[40:45)","circsize",0
"465",2011,"Female","[40:45)","circsize",0
"466",2012,"Female","[40:45)","circsize",0
"467",2014,"Female","[40:45)","circsize",0
"468",2016,"Female","[40:45)","circsize",0
"469",1999,"Male","[40:45)","circsize",18
"470",2000,"Male","[40:45)","circsize",41
"471",2002,"Male","[40:45)","circsize",47
"472",2003,"Male","[40:45)","circsize",44
"473",2004,"Male","[40:45)","circsize",55
"474",2006,"Male","[40:45)","circsize",65
"475",2007,"Male","[40:45)","circsize",90
"476",2009,"Male","[40:45)","circsize",117
"477",2011,"Male","[40:45)","circsize",170
"478",2012,"Male","[40:45)","circsize",197
"479",2014,"Male","[40:45)","circsize",263
"480",2016,"Male","[40:45)","circsize",293
"481",1999,"Female","[45:50)","circsize",0
"482",2000,"Female","[45:50)","circsize",0
"483",2002,"Female","[45:50)","circsize",0
"484",2003,"Female","[45:50)","circsize",0
"485",2004,"Female","[45:50)","circsize",0
"486",2006,"Female","[45:50)","circsize",0
"487",2007,"Female","[45:50)","circsize",0
"488",2009,"Female","[45:50)","circsize",0
"489",2011,"Female","[45:50)","circsize",0
"490",2012,"Female","[45:50)","circsize",0
"491",2014,"Female","[45:50)","circsize",0
"492",2016,"Female","[45:50)","circsize",0
"493",1999,"Male","[45:50)","circsize",17
"494",2000,"Male","[45:50)","circsize",19
"495",2002,"Male","[45:50)","circsize",35
"496",2003,"Male","[45:50)","circsize",30
"497",2004,"Male","[45:50)","circsize",30
"498",2006,"Male","[45:50)","circsize",46
"499",2007,"Male","[45:50)","circsize",60
"500",2009,"Male","[45:50)","circsize",71
"501",2011,"Male","[45:50)","circsize",97
"502",2012,"Male","[45:50)","circsize",120
"503",2014,"Male","[45:50)","circsize",157
"504",2016,"Male","[45:50)","circsize",219
"505",1999,"Female","[15:20)","circsize_hivneg",0
"506",2000,"Female","[15:20)","circsize_hivneg",0
"507",2002,"Female","[15:20)","circsize_hivneg",0
"508",2003,"Female","[15:20)","circsize_hivneg",0
"509",2004,"Female","[15:20)","circsize_hivneg",0
"510",2006,"Female","[15:20)","circsize_hivneg",0
"511",2007,"Female","[15:20)","circsize_hivneg",0
"512",2009,"Female","[15:20)","circsize_hivneg",0
"513",2011,"Female","[15:20)","circsize_hivneg",0
"514",2012,"Female","[15:20)","circsize_hivneg",0
"515",2014,"Female","[15:20)","circsize_hivneg",0
"516",2016,"Female","[15:20)","circsize_hivneg",0
"517",1999,"Male","[15:20)","circsize_hivneg",77
"518",2000,"Male","[15:20)","circsize_hivneg",77
"519",2002,"Male","[15:20)","circsize_hivneg",92
"520",2003,"Male","[15:20)","circsize_hivneg",96
"521",2004,"Male","[15:20)","circsize_hivneg",93
"522",2006,"Male","[15:20)","circsize_hivneg",114
"523",2007,"Male","[15:20)","circsize_hivneg",167
"524",2009,"Male","[15:20)","circsize_hivneg",201
"525",2011,"Male","[15:20)","circsize_hivneg",289
"526",2012,"Male","[15:20)","circsize_hivneg",356
"527",2014,"Male","[15:20)","circsize_hivneg",589
"528",2016,"Male","[15:20)","circsize_hivneg",779
"529",1999,"Female","[20:25)","circsize_hivneg",0
"530",2000,"Female","[20:25)","circsize_hivneg",0
"531",2002,"Female","[20:25)","circsize_hivneg",0
"532",2003,"Female","[20:25)","circsize_hivneg",0
"533",2004,"Female","[20:25)","circsize_hivneg",0
"534",2006,"Female","[20:25)","circsize_hivneg",0
"535",2007,"Female","[20:25)","circsize_hivneg",0
"536",2009,"Female","[20:25)","circsize_hivneg",0
"537",2011,"Female","[20:25)","circsize_hivneg",0
"538",2012,"Female","[20:25)","circsize_hivneg",0
"539",2014,"Female","[20:25)","circsize_hivneg",0
"540",2016,"Female","[20:25)","circsize_hivneg",0
"541",1999,"Male","[20:25)","circsize_hivneg",72
"542",2000,"Male","[20:25)","circsize_hivneg",84
"543",2002,"Male","[20:25)","circsize_hivneg",90
"544",2003,"Male","[20:25)","circsize_hivneg",93
"545",2004,"Male","[20:25)","circsize_hivneg",98
"546",2006,"Male","[20:25)","circsize_hivneg",140
"547",2007,"Male","[20:25)","circsize_hivneg",187
"548",2009,"Male","[20:25)","circsize_hivneg",205
"549",2011,"Male","[20:25)","circsize_hivneg",252
"550",2012,"Male","[20:25)","circsize_hivneg",336
"551",2014,"Male","[20:25)","circsize_hivneg",451
"552",2016,"Male","[20:25)","circsize_hivneg",573
"553",1999,"Female","[25:30)","circsize_hivneg",0
"554",2000,"Female","[25:30)","circsize_hivneg",0
"555",2002,"Female","[25:30)","circsize_hivneg",0
"556",2003,"Female","[25:30)","circsize_hivneg",0
"557",2004,"Female","[25:30)","circsize_hivneg",0
"558",2006,"Female","[25:30)","circsize_hivneg",0
"559",2007,"Female","[25:30)","circsize_hivneg",0
"560",2009,"Female","[25:30)","circsize_hivneg",0
"561",2011,"Female","[25:30)","circsize_hivneg",0
"562",2012,"Female","[25:30)","circsize_hivneg",0
"563",2014,"Female","[25:30)","circsize_hivneg",0
"564",2016,"Female","[25:30)","circsize_hivneg",0
"565",1999,"Male","[25:30)","circsize_hivneg",63
"566",2000,"Male","[25:30)","circsize_hivneg",68
"567",2002,"Male","[25:30)","circsize_hivneg",99
"568",2003,"Male","[25:30)","circsize_hivneg",95
"569",2004,"Male","[25:30)","circsize_hivneg",101
"570",2006,"Male","[25:30)","circsize_hivneg",136
"571",2007,"Male","[25:30)","circsize_hivneg",184
"572",2009,"Male","[25:30)","circsize_hivneg",229
"573",2011,"Male","[25:30)","circsize_hivneg",286
"574",2012,"Male","[25:30)","circsize_hivneg",348
"575",2014,"Male","[25:30)","circsize_hivneg",402
"576",2016,"Male","[25:30)","circsize_hivneg",477
"577",1999,"Female","[30:35)","circsize_hivneg",0
"578",2000,"Female","[30:35)","circsize_hivneg",0
"579",2002,"Female","[30:35)","circsize_hivneg",0
"580",2003,"Female","[30:35)","circsize_hivneg",0
"581",2004,"Female","[30:35)","circsize_hivneg",0
"582",2006,"Female","[30:35)","circsize_hivneg",0
"583",2007,"Female","[30:35)","circsize_hivneg",0
"584",2009,"Female","[30:35)","circsize_hivneg",0
"585",2011,"Female","[30:35)","circsize_hivneg",0
"586",2012,"Female","[30:35)","circsize_hivneg",0
"587",2014,"Female","[30:35)","circsize_hivneg",0
"588",2016,"Female","[30:35)","circsize_hivneg",0
"589",1999,"Male","[30:35)","circsize_hivneg",62
"590",2000,"Male","[30:35)","circsize_hivneg",71
"591",2002,"Male","[30:35)","circsize_hivneg",77
"592",2003,"Male","[30:35)","circsize_hivneg",70
"593",2004,"Male","[30:35)","circsize_hivneg",70
"594",2006,"Male","[30:35)","circsize_hivneg",102
"595",2007,"Male","[30:35)","circsize_hivneg",161
"596",2009,"Male","[30:35)","circsize_hivneg",170
"597",2011,"Male","[30:35)","circsize_hivneg",255
"598",2012,"Male","[30:35)","circsize_hivneg",296
"599",2014,"Male","[30:35)","circsize_hivneg",352
"600",2016,"Male","[30:35)","circsize_hivneg",363
"601",1999,"Female","[35:40)","circsize_hivneg",0
"602",2000,"Female","[35:40)","circsize_hivneg",0
"603",2002,"Female","[35:40)","circsize_hivneg",0
"604",2003,"Female","[35:40)","circsize_hivneg",0
"605",2004,"Female","[35:40)","circsize_hivneg",0
"606",2006,"Female","[35:40)","circsize_hivneg",0
"607",2007,"Female","[35:40)","circsize_hivneg",0
"608",2009,"Female","[35:40)","circsize_hivneg",0
"609",2011,"Female","[35:40)","circsize_hivneg",0
"610",2012,"Female","[35:40)","circsize_hivneg",0
"611",2014,"Female","[35:40)","circsize_hivneg",0
"612",2016,"Female","[35:40)","circsize_hivneg",0
"613",1999,"Male","[35:40)","circsize_hivneg",42
"614",2000,"Male","[35:40)","circsize_hivneg",35
"615",2002,"Male","[35:40)","circsize_hivneg",45
"616",2003,"Male","[35:40)","circsize_hivneg",43
"617",2004,"Male","[35:40)","circsize_hivneg",64
"618",2006,"Male","[35:40)","circsize_hivneg",80
"619",2007,"Male","[35:40)","circsize_hivneg",108
"620",2009,"Male","[35:40)","circsize_hivneg",153
"621",2011,"Male","[35:40)","circsize_hivneg",198
"622",2012,"Male","[35:40)","circsize_hivneg",250
"623",2014,"Male","[35:40)","circsize_hivneg",268
"624",2016,"Male","[35:40)","circsize_hivneg",330
"625",1999,"Female","[40:45)","circsize_hivneg",0
"626",2000,"Female","[40:45)","circsize_hivneg",0
"627",2002,"Female","[40:45)","circsize_hivneg",0
"628",2003,"Female","[40:45)","circsize_hivneg",0
"629",2004,"Female","[40:45)","circsize_hivneg",0
"630",2006,"Female","[40:45)","circsize_hivneg",0
"631",2007,"Female","[40:45)","circsize_hivneg",0
"632",2009,"Female","[40:45)","circsize_hivneg",0
"633",2011,"Female","[40:45)","circsize_hivneg",0
"634",2012,"Female","[40:45)","circsize_hivneg",0
"635",2014,"Female","[40:45)","circsize_hivneg",0
"636",2016,"Female","[40:45)","circsize_hivneg",0
"637",1999,"Male","[40:45)","circsize_hivneg",17
"638",2000,"Male","[40:45)","circsize_hivneg",36
"639",2002,"Male","[40:45)","circsize_hivneg",43
"640",2003,"Male","[40:45)","circsize_hivneg",40
"641",2004,"Male","[40:45)","circsize_hivneg",43
"642",2006,"Male","[40:45)","circsize_hivneg",53
"643",2007,"Male","[40:45)","circsize_hivneg",75
"644",2009,"Male","[40:45)","circsize_hivneg",95
"645",2011,"Male","[40:45)","circsize_hivneg",135
"646",2012,"Male","[40:45)","circsize_hivneg",163
"647",2014,"Male","[40:45)","circsize_hivneg",218
"648",2016,"Male","[40:45)","circsize_hivneg",240
"649",1999,"Female","[45:50)","circsize_hivneg",0
"650",2000,"Female","[45:50)","circsize_hivneg",0
"651",2002,"Female","[45:50)","circsize_hivneg",0
"652",2003,"Female","[45:50)","circsize_hivneg",0
"653",2004,"Female","[45:50)","circsize_hivneg",0
"654",2006,"Female","[45:50)","circsize_hivneg",0
"655",2007,"Female","[45:50)","circsize_hivneg",0
"656",2009,"Female","[45:50)","circsize_hivneg",0
"657",2011,"Female","[45:50)","circsize_hivneg",0
"658",2012,"Female","[45:50)","circsize_hivneg",0
"659",2014,"Female","[45:50)","circsize_hivneg",0
"660",2016,"Female","[45:50)","circsize_hivneg",0
"661",1999,"Male","[45:50)","circsize_hivneg",17
"662",2000,"Male","[45:50)","circsize_hivneg",19
"663",2002,"Male","[45:50)","circsize_hivneg",35
"664",2003,"Male","[45:50)","circsize_hivneg",29
"665",2004,"Male","[45:50)","circsize_hivneg",29
"666",2006,"Male","[45:50)","circsize_hivneg",42
"667",2007,"Male","[45:50)","circsize_hivneg",47
"668",2009,"Male","[45:50)","circsize_hivneg",56
"669",2011,"Male","[45:50)","circsize_hivneg",77
"670",2012,"Male","[45:50)","circsize_hivneg",92
"671",2014,"Male","[45:50)","circsize_hivneg",123
"672",2016,"Male","[45:50)","circsize_hivneg",180
"673",1999,"Female","[15:20)","circsize_hivpos",0
"674",2000,"Female","[15:20)","circsize_hivpos",0
"675",2002,"Female","[15:20)","circsize_hivpos",0
"676",2003,"Female","[15:20)","circsize_hivpos",0
"677",2004,"Female","[15:20)","circsize_hivpos",0
"678",2006,"Female","[15:20)","circsize_hivpos",0
"679",2007,"Female","[15:20)","circsize_hivpos",0
"680",2009,"Female","[15:20)","circsize_hivpos",0
"681",2011,"Female","[15:20)","circsize_hivpos",0
"682",2012,"Female","[15:20)","circsize_hivpos",0
"683",2014,"Female","[15:20)","circsize_hivpos",0
"684",2016,"Female","[15:20)","circsize_hivpos",0
"685",1999,"Male","[15:20)","circsize_hivpos",0
"686",2000,"Male","[15:20)","circsize_hivpos",0
"687",2002,"Male","[15:20)","circsize_hivpos",0
"688",2003,"Male","[15:20)","circsize_hivpos",0
"689",2004,"Male","[15:20)","circsize_hivpos",0
"690",2006,"Male","[15:20)","circsize_hivpos",0
"691",2007,"Male","[15:20)","circsize_hivpos",2
"692",2009,"Male","[15:20)","circsize_hivpos",2
"693",2011,"Male","[15:20)","circsize_hivpos",4
"694",2012,"Male","[15:20)","circsize_hivpos",5
"695",2014,"Male","[15:20)","circsize_hivpos",0
"696",2016,"Male","[15:20)","circsize_hivpos",2
"697",1999,"Female","[20:25)","circsize_hivpos",0
"698",2000,"Female","[20:25)","circsize_hivpos",0
"699",2002,"Female","[20:25)","circsize_hivpos",0
"700",2003,"Female","[20:25)","circsize_hivpos",0
"701",2004,"Female","[20:25)","circsize_hivpos",0
"702",2006,"Female","[20:25)","circsize_hivpos",0
"703",2007,"Female","[20:25)","circsize_hivpos",0
"704",2009,"Female","[20:25)","circsize_hivpos",0
"705",2011,"Female","[20:25)","circsize_hivpos",0
"706",2012,"Female","[20:25)","circsize_hivpos",0
"707",2014,"Female","[20:25)","circsize_hivpos",0
"708",2016,"Female","[20:25)","circsize_hivpos",0
"709",1999,"Male","[20:25)","circsize_hivpos",2
"710",2000,"Male","[20:25)","circsize_hivpos",0
"711",2002,"Male","[20:25)","circsize_hivpos",2
"712",2003,"Male","[20:25)","circsize_hivpos",2
"713",2004,"Male","[20:25)","circsize_hivpos",4
"714",2006,"Male","[20:25)","circsize_hivpos",4
"715",2007,"Male","[20:25)","circsize_hivpos",7
"716",2009,"Male","[20:25)","circsize_hivpos",6
"717",2011,"Male","[20:25)","circsize_hivpos",10
"718",2012,"Male","[20:25)","circsize_hivpos",11
"719",2014,"Male","[20:25)","circsize_hivpos",10
"720",2016,"Male","[20:25)","circsize_hivpos",9
"721",1999,"Female","[25:30)","circsize_hivpos",0
"722",2000,"Female","[25:30)","circsize_hivpos",0
"723",2002,"Female","[25:30)","circsize_hivpos",0
"724",2003,"Female","[25:30)","circsize_hivpos",0
"725",2004,"Female","[25:30)","circsize_hivpos",0
"726",2006,"Female","[25:30)","circsize_hivpos",0
"727",2007,"Female","[25:30)","circsize_hivpos",0
"728",2009,"Female","[25:30)","circsize_hivpos",0
"729",2011,"Female","[25:30)","circsize_hivpos",0
"730",2012,"Female","[25:30)","circsize_hivpos",0
"731",2014,"Female","[25:30)","circsize_hivpos",0
"732",2016,"Female","[25:30)","circsize_hivpos",0
"733",1999,"Male","[25:30)","circsize_hivpos",5
"734",2000,"Male","[25:30)","circsize_hivpos",6
"735",2002,"Male","[25:30)","circsize_hivpos",9
"736",2003,"Male","[25:30)","circsize_hivpos",2
"737",2004,"Male","[25:30)","circsize_hivpos",11
"738",2006,"Male","[25:30)","circsize_hivpos",13
"739",2007,"Male","[25:30)","circsize_hivpos",18
"740",2009,"Male","[25:30)","circsize_hivpos",23
"741",2011,"Male","[25:30)","circsize_hivpos",24
"742",2012,"Male","[25:30)","circsize_hivpos",31
"743",2014,"Male","[25:30)","circsize_hivpos",35
"744",2016,"Male","[25:30)","circsize_hivpos",28
"745",1999,"Female","[30:35)","circsize_hivpos",0
"746",2000,"Female","[30:35)","circsize_hivpos",0
"747",2002,"Female","[30:35)","circsize_hivpos",0
"748",2003,"Female","[30:35)","circsize_hivpos",0
"749",2004,"Female","[30:35)","circsize_hivpos",0
"750",2006,"Female","[30:35)","circsize_hivpos",0
"751",2007,"Female","[30:35)","circsize_hivpos",0
"752",2009,"Female","[30:35)","circsize_hivpos",0
"753",2011,"Female","[30:35)","circsize_hivpos",0
"754",2012,"Female","[30:35)","circsize_hivpos",0
"755",2014,"Female","[30:35)","circsize_hivpos",0
"756",2016,"Female","[30:35)","circsize_hivpos",0
"757",1999,"Male","[30:35)","circsize_hivpos",9
"758",2000,"Male","[30:35)","circsize_hivpos",7
"759",2002,"Male","[30:35)","circsize_hivpos",11
"760",2003,"Male","[30:35)","circsize_hivpos",10
"761",2004,"Male","[30:35)","circsize_hivpos",6
"762",2006,"Male","[30:35)","circsize_hivpos",12
"763",2007,"Male","[30:35)","circsize_hivpos",28
"764",2009,"Male","[30:35)","circsize_hivpos",35
"765",2011,"Male","[30:35)","circsize_hivpos",36
"766",2012,"Male","[30:35)","circsize_hivpos",51
"767",2014,"Male","[30:35)","circsize_hivpos",48
"768",2016,"Male","[30:35)","circsize_hivpos",41
"769",1999,"Female","[35:40)","circsize_hivpos",0
"770",2000,"Female","[35:40)","circsize_hivpos",0
"771",2002,"Female","[35:40)","circsize_hivpos",0
"772",2003,"Female","[35:40)","circsize_hivpos",0
"773",2004,"Female","[35:40)","circsize_hivpos",0
"774",2006,"Female","[35:40)","circsize_hivpos",0
"775",2007,"Female","[35:40)","circsize_hivpos",0
"776",2009,"Female","[35:40)","circsize_hivpos",0
"777",2011,"Female","[35:40)","circsize_hivpos",0
"778",2012,"Female","[35:40)","circsize_hivpos",0
"779",2014,"Female","[35:40)","circsize_hivpos",0
"780",2016,"Female","[35:40)","circsize_hivpos",0
"781",1999,"Male","[35:40)","circsize_hivpos",7
"782",2000,"Male","[35:40)","circsize_hivpos",9
"783",2002,"Male","[35:40)","circsize_hivpos",13
"784",2003,"Male","[35:40)","circsize_hivpos",13
"785",2004,"Male","[35:40)","circsize_hivpos",13
"786",2006,"Male","[35:40)","circsize_hivpos",16
"787",2007,"Male","[35:40)","circsize_hivpos",21
"788",2009,"Male","[35:40)","circsize_hivpos",32
"789",2011,"Male","[35:40)","circsize_hivpos",43
"790",2012,"Male","[35:40)","circsize_hivpos",54
"791",2014,"Male","[35:40)","circsize_hivpos",58
"792",2016,"Male","[35:40)","circsize_hivpos",63
"793",1999,"Female","[40:45)","circsize_hivpos",0
"794",2000,"Female","[40:45)","circsize_hivpos",0
"795",2002,"Female","[40:45)","circsize_hivpos",0
"796",2003,"Female","[40:45)","circsize_hivpos",0
"797",2004,"Female","[40:45)","circsize_hivpos",0
"798",2006,"Female","[40:45)","circsize_hivpos",0
"799",2007,"Female","[40:45)","circsize_hivpos",0
"800",2009,"Female","[40:45)","circsize_hivpos",0
"801",2011,"Female","[40:45)","circsize_hivpos",0
"802",2012,"Female","[40:45)","circsize_hivpos",0
"803",2014,"Female","[40:45)","circsize_hivpos",0
"804",2016,"Female","[40:45)","circsize_hivpos",0
"805",1999,"Male","[40:45)","circsize_hivpos",1
"806",2000,"Male","[40:45)","circsize_hivpos",5
"807",2002,"Male","[40:45)","circsize_hivpos",4
"808",2003,"Male","[40:45)","circsize_hivpos",4
"809",2004,"Male","[40:45)","circsize_hivpos",12
"810",2006,"Male","[40:45)","circsize_hivpos",12
"811",2007,"Male","[40:45)","circsize_hivpos",15
"812",2009,"Male","[40:45)","circsize_hivpos",22
"813",2011,"Male","[40:45)","circsize_hivpos",35
"814",2012,"Male","[40:45)","circsize_hivpos",34
"815",2014,"Male","[40:45)","circsize_hivpos",45
"816",2016,"Male","[40:45)","circsize_hivpos",53
"817",1999,"Female","[45:50)","circsize_hivpos",0
"818",2000,"Female","[45:50)","circsize_hivpos",0
"819",2002,"Female","[45:50)","circsize_hivpos",0
"820",2003,"Female","[45:50)","circsize_hivpos",0
"821",2004,"Female","[45:50)","circsize_hivpos",0
"822",2006,"Female","[45:50)","circsize_hivpos",0
"823",2007,"Female","[45:50)","circsize_hivpos",0
"824",2009,"Female","[45:50)","circsize_hivpos",0
"825",2011,"Female","[45:50)","circsize_hivpos",0
"826",2012,"Female","[45:50)","circsize_hivpos",0
"827",2014,"Female","[45:50)","circsize_hivpos",0
"828",2016,"Female","[45:50)","circsize_hivpos",0
"829",1999,"Male","[45:50)","circsize_hivpos",0
"830",2000,"Male","[45:50)","circsize_hivpos",0
"831",2002,"Male","[45:50)","circsize_hivpos",0
"832",2003,"Male","[45:50)","circsize_hivpos",1
"833",2004,"Male","[45:50)","circsize_hivpos",1
"834",2006,"Male","[45:50)","circsize_hivpos",4
"835",2007,"Male","[45:50)","circsize_hivpos",13
"836",2009,"Male","[45:50)","circsize_hivpos",15
"837",2011,"Male","[45:50)","circsize_hivpos",20
"838",2012,"Male","[45:50)","circsize_hivpos",28
"839",2014,"Male","[45:50)","circsize_hivpos",34
"840",2016,"Male","[45:50)","circsize_hivpos",39
"841",1999,"Female","[15:20)","el_popsize",1423
"842",2000,"Female","[15:20)","el_popsize",1450
"843",2002,"Female","[15:20)","el_popsize",1554
"844",2003,"Female","[15:20)","el_popsize",1597
"845",2004,"Female","[15:20)","el_popsize",1685
"846",2006,"Female","[15:20)","el_popsize",1701
"847",2007,"Female","[15:20)","el_popsize",1810
"848",2009,"Female","[15:20)","el_popsize",1822
"849",2011,"Female","[15:20)","el_popsize",1948
"850",2012,"Female","[15:20)","el_popsize",2062
"851",2014,"Female","[15:20)","el_popsize",2270
"852",2016,"Female","[15:20)","el_popsize",2408
"853",1999,"Male","[15:20)","el_popsize",1249
"854",2000,"Male","[15:20)","el_popsize",1299
"855",2002,"Male","[15:20)","el_popsize",1423
"856",2003,"Male","[15:20)","el_popsize",1514
"857",2004,"Male","[15:20)","el_popsize",1613
"858",2006,"Male","[15:20)","el_popsize",1628
"859",2007,"Male","[15:20)","el_popsize",1714
"860",2009,"Male","[15:20)","el_popsize",1718
"861",2011,"Male","[15:20)","el_popsize",1805
"862",2012,"Male","[15:20)","el_popsize",1989
"863",2014,"Male","[15:20)","el_popsize",2158
"864",2016,"Male","[15:20)","el_popsize",2229
"865",1999,"Female","[20:25)","el_popsize",1178
"866",2000,"Female","[20:25)","el_popsize",1268
"867",2002,"Female","[20:25)","el_popsize",1362
"868",2003,"Female","[20:25)","el_popsize",1342
"869",2004,"Female","[20:25)","el_popsize",1378
"870",2006,"Female","[20:25)","el_popsize",1390
"871",2007,"Female","[20:25)","el_popsize",1485
"872",2009,"Female","[20:25)","el_popsize",1270
"873",2011,"Female","[20:25)","el_popsize",1337
"874",2012,"Female","[20:25)","el_popsize",1521
"875",2014,"Female","[20:25)","el_popsize",1679
"876",2016,"Female","[20:25)","el_popsize",1658
"877",1999,"Male","[20:25)","el_popsize",938
"878",2000,"Male","[20:25)","el_popsize",989
"879",2002,"Male","[20:25)","el_popsize",1113
"880",2003,"Male","[20:25)","el_popsize",1082
"881",2004,"Male","[20:25)","el_popsize",1028
"882",2006,"Male","[20:25)","el_popsize",1054
"883",2007,"Male","[20:25)","el_popsize",1120
"884",2009,"Male","[20:25)","el_popsize",989
"885",2011,"Male","[20:25)","el_popsize",1108
"886",2012,"Male","[20:25)","el_popsize",1248
"887",2014,"Male","[20:25)","el_popsize",1383
"888",2016,"Male","[20:25)","el_popsize",1452
"889",1999,"Female","[25:30)","el_popsize",903
"890",2000,"Female","[25:30)","el_popsize",980
"891",2002,"Female","[25:30)","el_popsize",1080
"892",2003,"Female","[25:30)","el_popsize",1101
"893",2004,"Female","[25:30)","el_popsize",1147
"894",2006,"Female","[25:30)","el_popsize",1276
"895",2007,"Female","[25:30)","el_popsize",1400
"896",2009,"Female","[25:30)","el_popsize",1314
"897",2011,"Female","[25:30)","el_popsize",1412
"898",2012,"Female","[25:30)","el_popsize",1462
"899",2014,"Female","[25:30)","el_popsize",1488
"900",2016,"Female","[25:30)","el_popsize",1512
"901",1999,"Male","[25:30)","el_popsize",852
"902",2000,"Male","[25:30)","el_popsize",899
"903",2002,"Male","[25:30)","el_popsize",979
"904",2003,"Male","[25:30)","el_popsize",1007
"905",2004,"Male","[25:30)","el_popsize",1016
"906",2006,"Male","[25:30)","el_popsize",1099
"907",2007,"Male","[25:30)","el_popsize",1157
"908",2009,"Male","[25:30)","el_popsize",1067
"909",2011,"Male","[25:30)","el_popsize",1149
"910",2012,"Male","[25:30)","el_popsize",1302
"911",2014,"Male","[25:30)","el_popsize",1373
"912",2016,"Male","[25:30)","el_popsize",1338
"913",1999,"Female","[30:35)","el_popsize",539
"914",2000,"Female","[30:35)","el_popsize",592
"915",2002,"Female","[30:35)","el_popsize",643
"916",2003,"Female","[30:35)","el_popsize",676
"917",2004,"Female","[30:35)","el_popsize",753
"918",2006,"Female","[30:35)","el_popsize",890
"919",2007,"Female","[30:35)","el_popsize",1000
"920",2009,"Female","[30:35)","el_popsize",1046
"921",2011,"Female","[30:35)","el_popsize",1189
"922",2012,"Female","[30:35)","el_popsize",1277
"923",2014,"Female","[30:35)","el_popsize",1356
"924",2016,"Female","[30:35)","el_popsize",1304
"925",1999,"Male","[30:35)","el_popsize",659
"926",2000,"Male","[30:35)","el_popsize",703
"927",2002,"Male","[30:35)","el_popsize",748
"928",2003,"Male","[30:35)","el_popsize",778
"929",2004,"Male","[30:35)","el_popsize",820
"930",2006,"Male","[30:35)","el_popsize",893
"931",2007,"Male","[30:35)","el_popsize",1042
"932",2009,"Male","[30:35)","el_popsize",968
"933",2011,"Male","[30:35)","el_popsize",1109
"934",2012,"Male","[30:35)","el_popsize",1174
"935",2014,"Male","[30:35)","el_popsize",1214
"936",2016,"Male","[30:35)","el_popsize",1138
"937",1999,"Female","[35:40)","el_popsize",513
"938",2000,"Female","[35:40)","el_popsize",495
"939",2002,"Female","[35:40)","el_popsize",504
"940",2003,"Female","[35:40)","el_popsize",495
"941",2004,"Female","[35:40)","el_popsize",484
"942",2006,"Female","[35:40)","el_popsize",514
"943",2007,"Female","[35:40)","el_popsize",597
"944",2009,"Female","[35:40)","el_popsize",683
"945",2011,"Female","[35:40)","el_popsize",849
"946",2012,"Female","[35:40)","el_popsize",955
"947",2014,"Female","[35:40)","el_popsize",1078
"948",2016,"Female","[35:40)","el_popsize",1196
"949",1999,"Male","[35:40)","el_popsize",442
"950",2000,"Male","[35:40)","el_popsize",478
"951",2002,"Male","[35:40)","el_popsize",505
"952",2003,"Male","[35:40)","el_popsize",534
"953",2004,"Male","[35:40)","el_popsize",569
"954",2006,"Male","[35:40)","el_popsize",637
"955",2007,"Male","[35:40)","el_popsize",708
"956",2009,"Male","[35:40)","el_popsize",731
"957",2011,"Male","[35:40)","el_popsize",870
"958",2012,"Male","[35:40)","el_popsize",945
"959",2014,"Male","[35:40)","el_popsize",1038
"960",2016,"Male","[35:40)","el_popsize",1130
"961",1999,"Female","[40:45)","el_popsize",376
"962",2000,"Female","[40:45)","el_popsize",418
"963",2002,"Female","[40:45)","el_popsize",429
"964",2003,"Female","[40:45)","el_popsize",434
"965",2004,"Female","[40:45)","el_popsize",449
"966",2006,"Female","[40:45)","el_popsize",414
"967",2007,"Female","[40:45)","el_popsize",436
"968",2009,"Female","[40:45)","el_popsize",433
"969",2011,"Female","[40:45)","el_popsize",464
"970",2012,"Female","[40:45)","el_popsize",573
"971",2014,"Female","[40:45)","el_popsize",733
"972",2016,"Female","[40:45)","el_popsize",832
"973",1999,"Male","[40:45)","el_popsize",304
"974",2000,"Male","[40:45)","el_popsize",321
"975",2002,"Male","[40:45)","el_popsize",332
"976",2003,"Male","[40:45)","el_popsize",336
"977",2004,"Male","[40:45)","el_popsize",355
"978",2006,"Male","[40:45)","el_popsize",383
"979",2007,"Male","[40:45)","el_popsize",466
"980",2009,"Male","[40:45)","el_popsize",513
"981",2011,"Male","[40:45)","el_popsize",587
"982",2012,"Male","[40:45)","el_popsize",652
"983",2014,"Male","[40:45)","el_popsize",731
"984",2016,"Male","[40:45)","el_popsize",792
"985",1999,"Female","[45:50)","el_popsize",292
"986",2000,"Female","[45:50)","el_popsize",309
"987",2002,"Female","[45:50)","el_popsize",354
"988",2003,"Female","[45:50)","el_popsize",302
"989",2004,"Female","[45:50)","el_popsize",331
"990",2006,"Female","[45:50)","el_popsize",390
"991",2007,"Female","[45:50)","el_popsize",405
"992",2009,"Female","[45:50)","el_popsize",430
"993",2011,"Female","[45:50)","el_popsize",437
"994",2012,"Female","[45:50)","el_popsize",418
"995",2014,"Female","[45:50)","el_popsize",445
"996",2016,"Female","[45:50)","el_popsize",493
"997",1999,"Male","[45:50)","el_popsize",201
"998",2000,"Male","[45:50)","el_popsize",247
"999",2002,"Male","[45:50)","el_popsize",290
"1000",2003,"Male","[45:50)","el_popsize",238
"1001",2004,"Male","[45:50)","el_popsize",232
"1002",2006,"Male","[45:50)","el_popsize",259
"1003",2007,"Male","[45:50)","el_popsize",296
"1004",2009,"Male","[45:50)","el_popsize",309
"1005",2011,"Male","[45:50)","el_popsize",365
"1006",2012,"Male","[45:50)","el_popsize",429
"1007",2014,"Male","[45:50)","el_popsize",531
"1008",2016,"Male","[45:50)","el_popsize",583
"1009",1999,"Female","[15:20)","hivprev",0.0356687898089172
"1010",2000,"Female","[15:20)","hivprev",0.027603513174404
"1011",2002,"Female","[15:20)","hivprev",0.0372208436724566
"1012",2003,"Female","[15:20)","hivprev",0.0518731988472622
"1013",2004,"Female","[15:20)","hivprev",0.0406015037593985
"1014",2006,"Female","[15:20)","hivprev",0.0452674897119342
"1015",2007,"Female","[15:20)","hivprev",0.0263473053892216
"1016",2009,"Female","[15:20)","hivprev",0.0223529411764706
"1017",2011,"Female","[15:20)","hivprev",0.0247678018575851
"1018",2012,"Female","[15:20)","hivprev",0.0326086956521739
"1019",2014,"Female","[15:20)","hivprev",0.0199652777777778
"1020",2016,"Female","[15:20)","hivprev",0.0315876974231089
"1021",1999,"Male","[15:20)","hivprev",0.0036036036036036
"1022",2000,"Male","[15:20)","hivprev",0.00174825174825175
"1023",2002,"Male","[15:20)","hivprev",0.0031496062992126
"1024",2003,"Male","[15:20)","hivprev",0.00189753320683112
"1025",2004,"Male","[15:20)","hivprev",0.00189753320683112
"1026",2006,"Male","[15:20)","hivprev",0
"1027",2007,"Male","[15:20)","hivprev",0.00645994832041344
"1028",2009,"Male","[15:20)","hivprev",0.00753768844221105
"1029",2011,"Male","[15:20)","hivprev",0.0107181136120043
"1030",2012,"Male","[15:20)","hivprev",0.0118829981718464
"1031",2014,"Male","[15:20)","hivprev",0.00337837837837838
"1032",2016,"Male","[15:20)","hivprev",0.00330305532617671
"1033",1999,"Female","[20:25)","hivprev",0.139315230224321
"1034",2000,"Female","[20:25)","hivprev",0.127197518097208
"1035",2002,"Female","[20:25)","hivprev",0.0992217898832685
"1036",2003,"Female","[20:25)","hivprev",0.0811623246492986
"1037",2004,"Female","[20:25)","hivprev",0.100684261974585
"1038",2006,"Female","[20:25)","hivprev",0.101599247412982
"1039",2007,"Female","[20:25)","hivprev",0.122974261201144
"1040",2009,"Female","[20:25)","hivprev",0.123303167420814
"1041",2011,"Female","[20:25)","hivprev",0.121145374449339
"1042",2012,"Female","[20:25)","hivprev",0.117874396135266
"1043",2014,"Female","[20:25)","hivprev",0.118881118881119
"1044",2016,"Female","[20:25)","hivprev",0.103356890459364
"1045",1999,"Male","[20:25)","hivprev",0.0458891013384321
"1046",2000,"Male","[20:25)","hivprev",0.0456692913385827
"1047",2002,"Male","[20:25)","hivprev",0.0492753623188406
"1048",2003,"Male","[20:25)","hivprev",0.0590111642743222
"1049",2004,"Male","[20:25)","hivprev",0.0610561056105611
"1050",2006,"Male","[20:25)","hivprev",0.0423357664233577
"1051",2007,"Male","[20:25)","hivprev",0.0331230283911672
"1052",2009,"Male","[20:25)","hivprev",0.0433333333333333
"1053",2011,"Male","[20:25)","hivprev",0.0440528634361234
"1054",2012,"Male","[20:25)","hivprev",0.0400534045393858
"1055",2014,"Male","[20:25)","hivprev",0.0392857142857143
"1056",2016,"Male","[20:25)","hivprev",0.0307529162248144
"1057",1999,"Female","[25:30)","hivprev",0.22706065318818
"1058",2000,"Female","[25:30)","hivprev",0.208499335989376
"1059",2002,"Female","[25:30)","hivprev",0.201660735468565
"1060",2003,"Female","[25:30)","hivprev",0.176470588235294
"1061",2004,"Female","[25:30)","hivprev",0.164556962025316
"1062",2006,"Female","[25:30)","hivprev",0.160886319845857
"1063",2007,"Female","[25:30)","hivprev",0.154343807763401
"1064",2009,"Female","[25:30)","hivprev",0.148997134670487
"1065",2011,"Female","[25:30)","hivprev",0.169000933706816
"1066",2012,"Female","[25:30)","hivprev",0.172227231740307
"1067",2014,"Female","[25:30)","hivprev",0.177121771217712
"1068",2016,"Female","[25:30)","hivprev",0.187445510026155
"1069",1999,"Male","[25:30)","hivprev",0.133843212237094
"1070",2000,"Male","[25:30)","hivprev",0.103202846975089
"1071",2002,"Male","[25:30)","hivprev",0.108320251177394
"1072",2003,"Male","[25:30)","hivprev",0.0788590604026846
"1073",2004,"Male","[25:30)","hivprev",0.11844331641286
"1074",2006,"Male","[25:30)","hivprev",0.119013062409289
"1075",2007,"Male","[25:30)","hivprev",0.125748502994012
"1076",2009,"Male","[25:30)","hivprev",0.11969696969697
"1077",2011,"Male","[25:30)","hivprev",0.103004291845494
"1078",2012,"Male","[25:30)","hivprev",0.0992555831265509
"1079",2014,"Male","[25:30)","hivprev",0.0983397190293742
"1080",2016,"Male","[25:30)","hivprev",0.0812121212121212
"1081",1999,"Female","[30:35)","hivprev",0.296791443850267
"1082",2000,"Female","[30:35)","hivprev",0.283783783783784
"1083",2002,"Female","[30:35)","hivprev",0.257545271629779
"1084",2003,"Female","[30:35)","hivprev",0.224334600760456
"1085",2004,"Female","[30:35)","hivprev",0.238260869565217
"1086",2006,"Female","[30:35)","hivprev",0.205804749340369
"1087",2007,"Female","[30:35)","hivprev",0.220657276995305
"1088",2009,"Female","[30:35)","hivprev",0.213169642857143
"1089",2011,"Female","[30:35)","hivprev",0.198412698412698
"1090",2012,"Female","[30:35)","hivprev",0.19047619047619
"1091",2014,"Female","[30:35)","hivprev",0.180722891566265
"1092",2016,"Female","[30:35)","hivprev",0.176923076923077
"1093",1999,"Male","[30:35)","hivprev",0.171503957783641
"1094",2000,"Male","[30:35)","hivprev",0.15158371040724
"1095",2002,"Male","[30:35)","hivprev",0.155507559395248
"1096",2003,"Male","[30:35)","hivprev",0.151315789473684
"1097",2004,"Male","[30:35)","hivprev",0.153846153846154
"1098",2006,"Male","[30:35)","hivprev",0.138353765323993
"1099",2007,"Male","[30:35)","hivprev",0.137763371150729
"1100",2009,"Male","[30:35)","hivprev",0.162251655629139
"1101",2011,"Male","[30:35)","hivprev",0.16231884057971
"1102",2012,"Male","[30:35)","hivprev",0.168262653898769
"1103",2014,"Male","[30:35)","hivprev",0.136871508379888
"1104",2016,"Male","[30:35)","hivprev",0.121776504297994
"1105",1999,"Female","[35:40)","hivprev",0.204851752021563
"1106",2000,"Female","[35:40)","hivprev",0.206043956043956
"1107",2002,"Female","[35:40)","hivprev",0.243037974683544
"1108",2003,"Female","[35:40)","hivprev",0.228260869565217
"1109",2004,"Female","[35:40)","hivprev",0.21606648199446
"1110",2006,"Female","[35:40)","hivprev",0.214285714285714
"1111",2007,"Female","[35:40)","hivprev",0.215767634854772
"1112",2009,"Female","[35:40)","hivprev",0.236933797909408
"1113",2011,"Female","[35:40)","hivprev",0.238557558945908
"1114",2012,"Female","[35:40)","hivprev",0.239348370927318
"1115",2014,"Female","[35:40)","hivprev",0.25
"1116",2016,"Female","[35:40)","hivprev",0.226
"1117",1999,"Male","[35:40)","hivprev",0.236220472440945
"1118",2000,"Male","[35:40)","hivprev",0.275618374558304
"1119",2002,"Male","[35:40)","hivprev",0.285714285714286
"1120",2003,"Male","[35:40)","hivprev",0.208754208754209
"1121",2004,"Male","[35:40)","hivprev",0.173913043478261
"1122",2006,"Male","[35:40)","hivprev",0.180522565320665
"1123",2007,"Male","[35:40)","hivprev",0.153498871331828
"1124",2009,"Male","[35:40)","hivprev",0.156378600823045
"1125",2011,"Male","[35:40)","hivprev",0.160777385159011
"1126",2012,"Male","[35:40)","hivprev",0.173419773095624
"1127",2014,"Male","[35:40)","hivprev",0.172839506172839
"1128",2016,"Male","[35:40)","hivprev",0.162011173184358
"1129",1999,"Female","[40:45)","hivprev",0.162055335968379
"1130",2000,"Female","[40:45)","hivprev",0.145569620253165
"1131",2002,"Female","[40:45)","hivprev",0.161676646706587
"1132",2003,"Female","[40:45)","hivprev",0.144092219020173
"1133",2004,"Female","[40:45)","hivprev",0.159340659340659
"1134",2006,"Female","[40:45)","hivprev",0.185714285714286
"1135",2007,"Female","[40:45)","hivprev",0.246537396121884
"1136",2009,"Female","[40:45)","hivprev",0.235616438356164
"1137",2011,"Female","[40:45)","hivprev",0.264631043256997
"1138",2012,"Female","[40:45)","hivprev",0.258196721311475
"1139",2014,"Female","[40:45)","hivprev",0.236541598694943
"1140",2016,"Female","[40:45)","hivprev",0.235783633841886
"1141",1999,"Male","[40:45)","hivprev",0.179487179487179
"1142",2000,"Male","[40:45)","hivprev",0.187817258883249
"1143",2002,"Male","[40:45)","hivprev",0.203980099502488
"1144",2003,"Male","[40:45)","hivprev",0.2
"1145",2004,"Male","[40:45)","hivprev",0.229357798165138
"1146",2006,"Male","[40:45)","hivprev",0.211895910780669
"1147",2007,"Male","[40:45)","hivprev",0.195364238410596
"1148",2009,"Male","[40:45)","hivprev",0.193905817174515
"1149",2011,"Male","[40:45)","hivprev",0.185990338164251
"1150",2012,"Male","[40:45)","hivprev",0.173423423423423
"1151",2014,"Male","[40:45)","hivprev",0.169625246548323
"1152",2016,"Male","[40:45)","hivprev",0.164233576642336
"1153",1999,"Female","[45:50)","hivprev",0.114427860696517
"1154",2000,"Female","[45:50)","hivprev",0.0920502092050209
"1155",2002,"Female","[45:50)","hivprev",0.0909090909090909
"1156",2003,"Female","[45:50)","hivprev",0.110132158590308
"1157",2004,"Female","[45:50)","hivprev",0.108949416342412
"1158",2006,"Female","[45:50)","hivprev",0.127596439169139
"1159",2007,"Female","[45:50)","hivprev",0.141566265060241
"1160",2009,"Female","[45:50)","hivprev",0.179710144927536
"1161",2011,"Female","[45:50)","hivprev",0.21551724137931
"1162",2012,"Female","[45:50)","hivprev",0.279635258358663
"1163",2014,"Female","[45:50)","hivprev",0.257879656160458
"1164",2016,"Female","[45:50)","hivprev",0.270935960591133
"1165",1999,"Male","[45:50)","hivprev",0.125
"1166",2000,"Male","[45:50)","hivprev",0.105590062111801
"1167",2002,"Male","[45:50)","hivprev",0.083743842364532
"1168",2003,"Male","[45:50)","hivprev",0.103225806451613
"1169",2004,"Male","[45:50)","hivprev",0.104895104895105
"1170",2006,"Male","[45:50)","hivprev",0.113513513513514
"1171",2007,"Male","[45:50)","hivprev",0.182242990654206
"1172",2009,"Male","[45:50)","hivprev",0.20627802690583
"1173",2011,"Male","[45:50)","hivprev",0.21900826446281
"1174",2012,"Male","[45:50)","hivprev",0.213114754098361
"1175",2014,"Male","[45:50)","hivprev",0.195652173913043
"1176",2016,"Male","[45:50)","hivprev",0.178571428571429
"1177",1999,"Female","[15:20)","hivsize",28
"1178",2000,"Female","[15:20)","hivsize",22
"1179",2002,"Female","[15:20)","hivsize",30
"1180",2003,"Female","[15:20)","hivsize",36
"1181",2004,"Female","[15:20)","hivsize",27
"1182",2006,"Female","[15:20)","hivsize",33
"1183",2007,"Female","[15:20)","hivsize",22
"1184",2009,"Female","[15:20)","hivsize",19
"1185",2011,"Female","[15:20)","hivsize",24
"1186",2012,"Female","[15:20)","hivsize",33
"1187",2014,"Female","[15:20)","hivsize",23
"1188",2016,"Female","[15:20)","hivsize",38
"1189",1999,"Male","[15:20)","hivsize",2
"1190",2000,"Male","[15:20)","hivsize",1
"1191",2002,"Male","[15:20)","hivsize",2
"1192",2003,"Male","[15:20)","hivsize",1
"1193",2004,"Male","[15:20)","hivsize",1
"1194",2006,"Male","[15:20)","hivsize",0
"1195",2007,"Male","[15:20)","hivsize",5
"1196",2009,"Male","[15:20)","hivsize",6
"1197",2011,"Male","[15:20)","hivsize",10
"1198",2012,"Male","[15:20)","hivsize",13
"1199",2014,"Male","[15:20)","hivsize",4
"1200",2016,"Male","[15:20)","hivsize",4
"1201",1999,"Female","[20:25)","hivsize",118
"1202",2000,"Female","[20:25)","hivsize",123
"1203",2002,"Female","[20:25)","hivsize",102
"1204",2003,"Female","[20:25)","hivsize",81
"1205",2004,"Female","[20:25)","hivsize",103
"1206",2006,"Female","[20:25)","hivsize",108
"1207",2007,"Female","[20:25)","hivsize",129
"1208",2009,"Female","[20:25)","hivsize",109
"1209",2011,"Female","[20:25)","hivsize",110
"1210",2012,"Female","[20:25)","hivsize",122
"1211",2014,"Female","[20:25)","hivsize",136
"1212",2016,"Female","[20:25)","hivsize",117
"1213",1999,"Male","[20:25)","hivsize",24
"1214",2000,"Male","[20:25)","hivsize",29
"1215",2002,"Male","[20:25)","hivsize",34
"1216",2003,"Male","[20:25)","hivsize",37
"1217",2004,"Male","[20:25)","hivsize",37
"1218",2006,"Male","[20:25)","hivsize",29
"1219",2007,"Male","[20:25)","hivsize",21
"1220",2009,"Male","[20:25)","hivsize",26
"1221",2011,"Male","[20:25)","hivsize",30
"1222",2012,"Male","[20:25)","hivsize",30
"1223",2014,"Male","[20:25)","hivsize",33
"1224",2016,"Male","[20:25)","hivsize",29
"1225",1999,"Female","[25:30)","hivsize",146
"1226",2000,"Female","[25:30)","hivsize",157
"1227",2002,"Female","[25:30)","hivsize",170
"1228",2003,"Female","[25:30)","hivsize",147
"1229",2004,"Female","[25:30)","hivsize",143
"1230",2006,"Female","[25:30)","hivsize",167
"1231",2007,"Female","[25:30)","hivsize",167
"1232",2009,"Female","[25:30)","hivsize",156
"1233",2011,"Female","[25:30)","hivsize",181
"1234",2012,"Female","[25:30)","hivsize",191
"1235",2014,"Female","[25:30)","hivsize",192
"1236",2016,"Female","[25:30)","hivsize",215
"1237",1999,"Male","[25:30)","hivsize",70
"1238",2000,"Male","[25:30)","hivsize",58
"1239",2002,"Male","[25:30)","hivsize",69
"1240",2003,"Male","[25:30)","hivsize",47
"1241",2004,"Male","[25:30)","hivsize",70
"1242",2006,"Male","[25:30)","hivsize",82
"1243",2007,"Male","[25:30)","hivsize",84
"1244",2009,"Male","[25:30)","hivsize",79
"1245",2011,"Male","[25:30)","hivsize",72
"1246",2012,"Male","[25:30)","hivsize",80
"1247",2014,"Male","[25:30)","hivsize",77
"1248",2016,"Male","[25:30)","hivsize",67
"1249",1999,"Female","[30:35)","hivsize",111
"1250",2000,"Female","[30:35)","hivsize",126
"1251",2002,"Female","[30:35)","hivsize",128
"1252",2003,"Female","[30:35)","hivsize",118
"1253",2004,"Female","[30:35)","hivsize",137
"1254",2006,"Female","[30:35)","hivsize",156
"1255",2007,"Female","[30:35)","hivsize",188
"1256",2009,"Female","[30:35)","hivsize",191
"1257",2011,"Female","[30:35)","hivsize",200
"1258",2012,"Female","[30:35)","hivsize",204
"1259",2014,"Female","[30:35)","hivsize",195
"1260",2016,"Female","[30:35)","hivsize",184
"1261",1999,"Male","[30:35)","hivsize",65
"1262",2000,"Male","[30:35)","hivsize",67
"1263",2002,"Male","[30:35)","hivsize",72
"1264",2003,"Male","[30:35)","hivsize",69
"1265",2004,"Male","[30:35)","hivsize",76
"1266",2006,"Male","[30:35)","hivsize",79
"1267",2007,"Male","[30:35)","hivsize",85
"1268",2009,"Male","[30:35)","hivsize",98
"1269",2011,"Male","[30:35)","hivsize",112
"1270",2012,"Male","[30:35)","hivsize",123
"1271",2014,"Male","[30:35)","hivsize",98
"1272",2016,"Male","[30:35)","hivsize",85
"1273",1999,"Female","[35:40)","hivsize",76
"1274",2000,"Female","[35:40)","hivsize",75
"1275",2002,"Female","[35:40)","hivsize",96
"1276",2003,"Female","[35:40)","hivsize",84
"1277",2004,"Female","[35:40)","hivsize",78
"1278",2006,"Female","[35:40)","hivsize",87
"1279",2007,"Female","[35:40)","hivsize",104
"1280",2009,"Female","[35:40)","hivsize",136
"1281",2011,"Female","[35:40)","hivsize",172
"1282",2012,"Female","[35:40)","hivsize",191
"1283",2014,"Female","[35:40)","hivsize",228
"1284",2016,"Female","[35:40)","hivsize",226
"1285",1999,"Male","[35:40)","hivsize",60
"1286",2000,"Male","[35:40)","hivsize",78
"1287",2002,"Male","[35:40)","hivsize",92
"1288",2003,"Male","[35:40)","hivsize",62
"1289",2004,"Male","[35:40)","hivsize",60
"1290",2006,"Male","[35:40)","hivsize",76
"1291",2007,"Male","[35:40)","hivsize",68
"1292",2009,"Male","[35:40)","hivsize",76
"1293",2011,"Male","[35:40)","hivsize",91
"1294",2012,"Male","[35:40)","hivsize",107
"1295",2014,"Male","[35:40)","hivsize",112
"1296",2016,"Male","[35:40)","hivsize",116
"1297",1999,"Female","[40:45)","hivsize",41
"1298",2000,"Female","[40:45)","hivsize",46
"1299",2002,"Female","[40:45)","hivsize",54
"1300",2003,"Female","[40:45)","hivsize",50
"1301",2004,"Female","[40:45)","hivsize",58
"1302",2006,"Female","[40:45)","hivsize",65
"1303",2007,"Female","[40:45)","hivsize",89
"1304",2009,"Female","[40:45)","hivsize",86
"1305",2011,"Female","[40:45)","hivsize",104
"1306",2012,"Female","[40:45)","hivsize",126
"1307",2014,"Female","[40:45)","hivsize",145
"1308",2016,"Female","[40:45)","hivsize",170
"1309",1999,"Male","[40:45)","hivsize",28
"1310",2000,"Male","[40:45)","hivsize",37
"1311",2002,"Male","[40:45)","hivsize",41
"1312",2003,"Male","[40:45)","hivsize",41
"1313",2004,"Male","[40:45)","hivsize",50
"1314",2006,"Male","[40:45)","hivsize",57
"1315",2007,"Male","[40:45)","hivsize",59
"1316",2009,"Male","[40:45)","hivsize",70
"1317",2011,"Male","[40:45)","hivsize",77
"1318",2012,"Male","[40:45)","hivsize",77
"1319",2014,"Male","[40:45)","hivsize",86
"1320",2016,"Male","[40:45)","hivsize",90
"1321",1999,"Female","[45:50)","hivsize",23
"1322",2000,"Female","[45:50)","hivsize",22
"1323",2002,"Female","[45:50)","hivsize",26
"1324",2003,"Female","[45:50)","hivsize",25
"1325",2004,"Female","[45:50)","hivsize",28
"1326",2006,"Female","[45:50)","hivsize",43
"1327",2007,"Female","[45:50)","hivsize",47
"1328",2009,"Female","[45:50)","hivsize",62
"1329",2011,"Female","[45:50)","hivsize",75
"1330",2012,"Female","[45:50)","hivsize",92
"1331",2014,"Female","[45:50)","hivsize",90
"1332",2016,"Female","[45:50)","hivsize",110
"1333",1999,"Male","[45:50)","hivsize",16
"1334",2000,"Male","[45:50)","hivsize",17
"1335",2002,"Male","[45:50)","hivsize",17
"1336",2003,"Male","[45:50)","hivsize",16
"1337",2004,"Male","[45:50)","hivsize",15
"1338",2006,"Male","[45:50)","hivsize",21
"1339",2007,"Male","[45:50)","hivsize",39
"1340",2009,"Male","[45:50)","hivsize",46
"1341",2011,"Male","[45:50)","hivsize",53
"1342",2012,"Male","[45:50)","hivsize",65
"1343",2014,"Male","[45:50)","hivsize",72
"1344",2016,"Male","[45:50)","hivsize",75
"1345",1999,"Female","[15:20)","mccoverage",0
"1346",2000,"Female","[15:20)","mccoverage",0
"1347",2002,"Female","[15:20)","mccoverage",0
"1348",2003,"Female","[15:20)","mccoverage",0
"1349",2004,"Female","[15:20)","mccoverage",0
"1350",2006,"Female","[15:20)","mccoverage",0
"1351",2007,"Female","[15:20)","mccoverage",0
"1352",2009,"Female","[15:20)","mccoverage",0
"1353",2011,"Female","[15:20)","mccoverage",0
"1354",2012,"Female","[15:20)","mccoverage",0
"1355",2014,"Female","[15:20)","mccoverage",0
"1356",2016,"Female","[15:20)","mccoverage",0
"1357",1999,"Male","[15:20)","mccoverage",0.138738738738739
"1358",2000,"Male","[15:20)","mccoverage",0.134615384615385
"1359",2002,"Male","[15:20)","mccoverage",0.14488188976378
"1360",2003,"Male","[15:20)","mccoverage",0.182163187855787
"1361",2004,"Male","[15:20)","mccoverage",0.176470588235294
"1362",2006,"Male","[15:20)","mccoverage",0.191275167785235
"1363",2007,"Male","[15:20)","mccoverage",0.218346253229974
"1364",2009,"Male","[15:20)","mccoverage",0.255025125628141
"1365",2011,"Male","[15:20)","mccoverage",0.314040728831726
"1366",2012,"Male","[15:20)","mccoverage",0.329981718464351
"1367",2014,"Male","[15:20)","mccoverage",0.497466216216216
"1368",2016,"Male","[15:20)","mccoverage",0.644921552436003
"1369",1999,"Female","[20:25)","mccoverage",0
"1370",2000,"Female","[20:25)","mccoverage",0
"1371",2002,"Female","[20:25)","mccoverage",0
"1372",2003,"Female","[20:25)","mccoverage",0
"1373",2004,"Female","[20:25)","mccoverage",0
"1374",2006,"Female","[20:25)","mccoverage",0
"1375",2007,"Female","[20:25)","mccoverage",0
"1376",2009,"Female","[20:25)","mccoverage",0
"1377",2011,"Female","[20:25)","mccoverage",0
"1378",2012,"Female","[20:25)","mccoverage",0
"1379",2014,"Female","[20:25)","mccoverage",0
"1380",2016,"Female","[20:25)","mccoverage",0
"1381",1999,"Male","[20:25)","mccoverage",0.141491395793499
"1382",2000,"Male","[20:25)","mccoverage",0.132283464566929
"1383",2002,"Male","[20:25)","mccoverage",0.133333333333333
"1384",2003,"Male","[20:25)","mccoverage",0.151515151515152
"1385",2004,"Male","[20:25)","mccoverage",0.168316831683168
"1386",2006,"Male","[20:25)","mccoverage",0.21021897810219
"1387",2007,"Male","[20:25)","mccoverage",0.305993690851735
"1388",2009,"Male","[20:25)","mccoverage",0.351666666666667
"1389",2011,"Male","[20:25)","mccoverage",0.384728340675477
"1390",2012,"Male","[20:25)","mccoverage",0.46328437917223
"1391",2014,"Male","[20:25)","mccoverage",0.548809523809524
"1392",2016,"Male","[20:25)","mccoverage",0.617179215270414
"1393",1999,"Female","[25:30)","mccoverage",0
"1394",2000,"Female","[25:30)","mccoverage",0
"1395",2002,"Female","[25:30)","mccoverage",0
"1396",2003,"Female","[25:30)","mccoverage",0
"1397",2004,"Female","[25:30)","mccoverage",0
"1398",2006,"Female","[25:30)","mccoverage",0
"1399",2007,"Female","[25:30)","mccoverage",0
"1400",2009,"Female","[25:30)","mccoverage",0
"1401",2011,"Female","[25:30)","mccoverage",0
"1402",2012,"Female","[25:30)","mccoverage",0
"1403",2014,"Female","[25:30)","mccoverage",0
"1404",2016,"Female","[25:30)","mccoverage",0
"1405",1999,"Male","[25:30)","mccoverage",0.130019120458891
"1406",2000,"Male","[25:30)","mccoverage",0.131672597864769
"1407",2002,"Male","[25:30)","mccoverage",0.169544740973312
"1408",2003,"Male","[25:30)","mccoverage",0.162751677852349
"1409",2004,"Male","[25:30)","mccoverage",0.189509306260575
"1410",2006,"Male","[25:30)","mccoverage",0.216255442670537
"1411",2007,"Male","[25:30)","mccoverage",0.302395209580838
"1412",2009,"Male","[25:30)","mccoverage",0.381818181818182
"1413",2011,"Male","[25:30)","mccoverage",0.443490701001431
"1414",2012,"Male","[25:30)","mccoverage",0.470223325062035
"1415",2014,"Male","[25:30)","mccoverage",0.558109833971903
"1416",2016,"Male","[25:30)","mccoverage",0.612121212121212
"1417",1999,"Female","[30:35)","mccoverage",0
"1418",2000,"Female","[30:35)","mccoverage",0
"1419",2002,"Female","[30:35)","mccoverage",0
"1420",2003,"Female","[30:35)","mccoverage",0
"1421",2004,"Female","[30:35)","mccoverage",0
"1422",2006,"Female","[30:35)","mccoverage",0
"1423",2007,"Female","[30:35)","mccoverage",0
"1424",2009,"Female","[30:35)","mccoverage",0
"1425",2011,"Female","[30:35)","mccoverage",0
"1426",2012,"Female","[30:35)","mccoverage",0
"1427",2014,"Female","[30:35)","mccoverage",0
"1428",2016,"Female","[30:35)","mccoverage",0
"1429",1999,"Male","[30:35)","mccoverage",0.187335092348285
"1430",2000,"Male","[30:35)","mccoverage",0.176470588235294
"1431",2002,"Male","[30:35)","mccoverage",0.190064794816415
"1432",2003,"Male","[30:35)","mccoverage",0.175438596491228
"1433",2004,"Male","[30:35)","mccoverage",0.153846153846154
"1434",2006,"Male","[30:35)","mccoverage",0.199649737302977
"1435",2007,"Male","[30:35)","mccoverage",0.306320907617504
"1436",2009,"Male","[30:35)","mccoverage",0.339403973509934
"1437",2011,"Male","[30:35)","mccoverage",0.421739130434783
"1438",2012,"Male","[30:35)","mccoverage",0.47469220246238
"1439",2014,"Male","[30:35)","mccoverage",0.558659217877095
"1440",2016,"Male","[30:35)","mccoverage",0.578796561604584
"1441",1999,"Female","[35:40)","mccoverage",0
"1442",2000,"Female","[35:40)","mccoverage",0
"1443",2002,"Female","[35:40)","mccoverage",0
"1444",2003,"Female","[35:40)","mccoverage",0
"1445",2004,"Female","[35:40)","mccoverage",0
"1446",2006,"Female","[35:40)","mccoverage",0
"1447",2007,"Female","[35:40)","mccoverage",0
"1448",2009,"Female","[35:40)","mccoverage",0
"1449",2011,"Female","[35:40)","mccoverage",0
"1450",2012,"Female","[35:40)","mccoverage",0
"1451",2014,"Female","[35:40)","mccoverage",0
"1452",2016,"Female","[35:40)","mccoverage",0
"1453",1999,"Male","[35:40)","mccoverage",0.192913385826772
"1454",2000,"Male","[35:40)","mccoverage",0.15547703180212
"1455",2002,"Male","[35:40)","mccoverage",0.180124223602484
"1456",2003,"Male","[35:40)","mccoverage",0.188552188552189
"1457",2004,"Male","[35:40)","mccoverage",0.223188405797101
"1458",2006,"Male","[35:40)","mccoverage",0.228028503562945
"1459",2007,"Male","[35:40)","mccoverage",0.291196388261851
"1460",2009,"Male","[35:40)","mccoverage",0.380658436213992
"1461",2011,"Male","[35:40)","mccoverage",0.425795053003534
"1462",2012,"Male","[35:40)","mccoverage",0.492706645056726
"1463",2014,"Male","[35:40)","mccoverage",0.503086419753086
"1464",2016,"Male","[35:40)","mccoverage",0.548882681564246
"1465",1999,"Female","[40:45)","mccoverage",0
"1466",2000,"Female","[40:45)","mccoverage",0
"1467",2002,"Female","[40:45)","mccoverage",0
"1468",2003,"Female","[40:45)","mccoverage",0
"1469",2004,"Female","[40:45)","mccoverage",0
"1470",2006,"Female","[40:45)","mccoverage",0
"1471",2007,"Female","[40:45)","mccoverage",0
"1472",2009,"Female","[40:45)","mccoverage",0
"1473",2011,"Female","[40:45)","mccoverage",0
"1474",2012,"Female","[40:45)","mccoverage",0
"1475",2014,"Female","[40:45)","mccoverage",0
"1476",2016,"Female","[40:45)","mccoverage",0
"1477",1999,"Male","[40:45)","mccoverage",0.115384615384615
"1478",2000,"Male","[40:45)","mccoverage",0.208121827411168
"1479",2002,"Male","[40:45)","mccoverage",0.233830845771144
"1480",2003,"Male","[40:45)","mccoverage",0.214634146341463
"1481",2004,"Male","[40:45)","mccoverage",0.252293577981651
"1482",2006,"Male","[40:45)","mccoverage",0.241635687732342
"1483",2007,"Male","[40:45)","mccoverage",0.298013245033113
"1484",2009,"Male","[40:45)","mccoverage",0.32409972299169
"1485",2011,"Male","[40:45)","mccoverage",0.410628019323671
"1486",2012,"Male","[40:45)","mccoverage",0.443693693693694
"1487",2014,"Male","[40:45)","mccoverage",0.518737672583826
"1488",2016,"Male","[40:45)","mccoverage",0.534671532846715
"1489",1999,"Female","[45:50)","mccoverage",0
"1490",2000,"Female","[45:50)","mccoverage",0
"1491",2002,"Female","[45:50)","mccoverage",0
"1492",2003,"Female","[45:50)","mccoverage",0
"1493",2004,"Female","[45:50)","mccoverage",0
"1494",2006,"Female","[45:50)","mccoverage",0
"1495",2007,"Female","[45:50)","mccoverage",0
"1496",2009,"Female","[45:50)","mccoverage",0
"1497",2011,"Female","[45:50)","mccoverage",0
"1498",2012,"Female","[45:50)","mccoverage",0
"1499",2014,"Female","[45:50)","mccoverage",0
"1500",2016,"Female","[45:50)","mccoverage",0
"1501",1999,"Male","[45:50)","mccoverage",0.1328125
"1502",2000,"Male","[45:50)","mccoverage",0.118012422360248
"1503",2002,"Male","[45:50)","mccoverage",0.172413793103448
"1504",2003,"Male","[45:50)","mccoverage",0.193548387096774
"1505",2004,"Male","[45:50)","mccoverage",0.20979020979021
"1506",2006,"Male","[45:50)","mccoverage",0.248648648648649
"1507",2007,"Male","[45:50)","mccoverage",0.280373831775701
"1508",2009,"Male","[45:50)","mccoverage",0.318385650224215
"1509",2011,"Male","[45:50)","mccoverage",0.400826446280992
"1510",2012,"Male","[45:50)","mccoverage",0.39344262295082
"1511",2014,"Male","[45:50)","mccoverage",0.426630434782609
"1512",2016,"Male","[45:50)","mccoverage",0.521428571428571
"1513",1999,"Female","[15:20)","pt_popsize",785
"1514",2000,"Female","[15:20)","pt_popsize",797
"1515",2002,"Female","[15:20)","pt_popsize",806
"1516",2003,"Female","[15:20)","pt_popsize",694
"1517",2004,"Female","[15:20)","pt_popsize",665
"1518",2006,"Female","[15:20)","pt_popsize",729
"1519",2007,"Female","[15:20)","pt_popsize",835
"1520",2009,"Female","[15:20)","pt_popsize",850
"1521",2011,"Female","[15:20)","pt_popsize",969
"1522",2012,"Female","[15:20)","pt_popsize",1012
"1523",2014,"Female","[15:20)","pt_popsize",1152
"1524",2016,"Female","[15:20)","pt_popsize",1203
"1525",1999,"Male","[15:20)","pt_popsize",555
"1526",2000,"Male","[15:20)","pt_popsize",572
"1527",2002,"Male","[15:20)","pt_popsize",635
"1528",2003,"Male","[15:20)","pt_popsize",527
"1529",2004,"Male","[15:20)","pt_popsize",527
"1530",2006,"Male","[15:20)","pt_popsize",596
"1531",2007,"Male","[15:20)","pt_popsize",774
"1532",2009,"Male","[15:20)","pt_popsize",796
"1533",2011,"Male","[15:20)","pt_popsize",933
"1534",2012,"Male","[15:20)","pt_popsize",1094
"1535",2014,"Male","[15:20)","pt_popsize",1184
"1536",2016,"Male","[15:20)","pt_popsize",1211
"1537",1999,"Female","[20:25)","pt_popsize",847
"1538",2000,"Female","[20:25)","pt_popsize",967
"1539",2002,"Female","[20:25)","pt_popsize",1028
"1540",2003,"Female","[20:25)","pt_popsize",998
"1541",2004,"Female","[20:25)","pt_popsize",1023
"1542",2006,"Female","[20:25)","pt_popsize",1063
"1543",2007,"Female","[20:25)","pt_popsize",1049
"1544",2009,"Female","[20:25)","pt_popsize",884
"1545",2011,"Female","[20:25)","pt_popsize",908
"1546",2012,"Female","[20:25)","pt_popsize",1035
"1547",2014,"Female","[20:25)","pt_popsize",1144
"1548",2016,"Female","[20:25)","pt_popsize",1132
"1549",1999,"Male","[20:25)","pt_popsize",523
"1550",2000,"Male","[20:25)","pt_popsize",635
"1551",2002,"Male","[20:25)","pt_popsize",690
"1552",2003,"Male","[20:25)","pt_popsize",627
"1553",2004,"Male","[20:25)","pt_popsize",606
"1554",2006,"Male","[20:25)","pt_popsize",685
"1555",2007,"Male","[20:25)","pt_popsize",634
"1556",2009,"Male","[20:25)","pt_popsize",600
"1557",2011,"Male","[20:25)","pt_popsize",681
"1558",2012,"Male","[20:25)","pt_popsize",749
"1559",2014,"Male","[20:25)","pt_popsize",840
"1560",2016,"Male","[20:25)","pt_popsize",943
"1561",1999,"Female","[25:30)","pt_popsize",643
"1562",2000,"Female","[25:30)","pt_popsize",753
"1563",2002,"Female","[25:30)","pt_popsize",843
"1564",2003,"Female","[25:30)","pt_popsize",833
"1565",2004,"Female","[25:30)","pt_popsize",869
"1566",2006,"Female","[25:30)","pt_popsize",1038
"1567",2007,"Female","[25:30)","pt_popsize",1082
"1568",2009,"Female","[25:30)","pt_popsize",1047
"1569",2011,"Female","[25:30)","pt_popsize",1071
"1570",2012,"Female","[25:30)","pt_popsize",1109
"1571",2014,"Female","[25:30)","pt_popsize",1084
"1572",2016,"Female","[25:30)","pt_popsize",1147
"1573",1999,"Male","[25:30)","pt_popsize",523
"1574",2000,"Male","[25:30)","pt_popsize",562
"1575",2002,"Male","[25:30)","pt_popsize",637
"1576",2003,"Male","[25:30)","pt_popsize",596
"1577",2004,"Male","[25:30)","pt_popsize",591
"1578",2006,"Male","[25:30)","pt_popsize",689
"1579",2007,"Male","[25:30)","pt_popsize",668
"1580",2009,"Male","[25:30)","pt_popsize",660
"1581",2011,"Male","[25:30)","pt_popsize",699
"1582",2012,"Male","[25:30)","pt_popsize",806
"1583",2014,"Male","[25:30)","pt_popsize",783
"1584",2016,"Male","[25:30)","pt_popsize",825
"1585",1999,"Female","[30:35)","pt_popsize",374
"1586",2000,"Female","[30:35)","pt_popsize",444
"1587",2002,"Female","[30:35)","pt_popsize",497
"1588",2003,"Female","[30:35)","pt_popsize",526
"1589",2004,"Female","[30:35)","pt_popsize",575
"1590",2006,"Female","[30:35)","pt_popsize",758
"1591",2007,"Female","[30:35)","pt_popsize",852
"1592",2009,"Female","[30:35)","pt_popsize",896
"1593",2011,"Female","[30:35)","pt_popsize",1008
"1594",2012,"Female","[30:35)","pt_popsize",1071
"1595",2014,"Female","[30:35)","pt_popsize",1079
"1596",2016,"Female","[30:35)","pt_popsize",1040
"1597",1999,"Male","[30:35)","pt_popsize",379
"1598",2000,"Male","[30:35)","pt_popsize",442
"1599",2002,"Male","[30:35)","pt_popsize",463
"1600",2003,"Male","[30:35)","pt_popsize",456
"1601",2004,"Male","[30:35)","pt_popsize",494
"1602",2006,"Male","[30:35)","pt_popsize",571
"1603",2007,"Male","[30:35)","pt_popsize",617
"1604",2009,"Male","[30:35)","pt_popsize",604
"1605",2011,"Male","[30:35)","pt_popsize",690
"1606",2012,"Male","[30:35)","pt_popsize",731
"1607",2014,"Male","[30:35)","pt_popsize",716
"1608",2016,"Male","[30:35)","pt_popsize",698
"1609",1999,"Female","[35:40)","pt_popsize",371
"1610",2000,"Female","[35:40)","pt_popsize",364
"1611",2002,"Female","[35:40)","pt_popsize",395
"1612",2003,"Female","[35:40)","pt_popsize",368
"1613",2004,"Female","[35:40)","pt_popsize",361
"1614",2006,"Female","[35:40)","pt_popsize",406
"1615",2007,"Female","[35:40)","pt_popsize",482
"1616",2009,"Female","[35:40)","pt_popsize",574
"1617",2011,"Female","[35:40)","pt_popsize",721
"1618",2012,"Female","[35:40)","pt_popsize",798
"1619",2014,"Female","[35:40)","pt_popsize",912
"1620",2016,"Female","[35:40)","pt_popsize",1000
"1621",1999,"Male","[35:40)","pt_popsize",254
"1622",2000,"Male","[35:40)","pt_popsize",283
"1623",2002,"Male","[35:40)","pt_popsize",322
"1624",2003,"Male","[35:40)","pt_popsize",297
"1625",2004,"Male","[35:40)","pt_popsize",345
"1626",2006,"Male","[35:40)","pt_popsize",421
"1627",2007,"Male","[35:40)","pt_popsize",443
"1628",2009,"Male","[35:40)","pt_popsize",486
"1629",2011,"Male","[35:40)","pt_popsize",566
"1630",2012,"Male","[35:40)","pt_popsize",617
"1631",2014,"Male","[35:40)","pt_popsize",648
"1632",2016,"Male","[35:40)","pt_popsize",716
"1633",1999,"Female","[40:45)","pt_popsize",253
"1634",2000,"Female","[40:45)","pt_popsize",316
"1635",2002,"Female","[40:45)","pt_popsize",334
"1636",2003,"Female","[40:45)","pt_popsize",347
"1637",2004,"Female","[40:45)","pt_popsize",364
"1638",2006,"Female","[40:45)","pt_popsize",350
"1639",2007,"Female","[40:45)","pt_popsize",361
"1640",2009,"Female","[40:45)","pt_popsize",365
"1641",2011,"Female","[40:45)","pt_popsize",393
"1642",2012,"Female","[40:45)","pt_popsize",488
"1643",2014,"Female","[40:45)","pt_popsize",613
"1644",2016,"Female","[40:45)","pt_popsize",721
"1645",1999,"Male","[40:45)","pt_popsize",156
"1646",2000,"Male","[40:45)","pt_popsize",197
"1647",2002,"Male","[40:45)","pt_popsize",201
"1648",2003,"Male","[40:45)","pt_popsize",205
"1649",2004,"Male","[40:45)","pt_popsize",218
"1650",2006,"Male","[40:45)","pt_popsize",269
"1651",2007,"Male","[40:45)","pt_popsize",302
"1652",2009,"Male","[40:45)","pt_popsize",361
"1653",2011,"Male","[40:45)","pt_popsize",414
"1654",2012,"Male","[40:45)","pt_popsize",444
"1655",2014,"Male","[40:45)","pt_popsize",507
"1656",2016,"Male","[40:45)","pt_popsize",548
"1657",1999,"Female","[45:50)","pt_popsize",201
"1658",2000,"Female","[45:50)","pt_popsize",239
"1659",2002,"Female","[45:50)","pt_popsize",286
"1660",2003,"Female","[45:50)","pt_popsize",227
"1661",2004,"Female","[45:50)","pt_popsize",257
"1662",2006,"Female","[45:50)","pt_popsize",337
"1663",2007,"Female","[45:50)","pt_popsize",332
"1664",2009,"Female","[45:50)","pt_popsize",345
"1665",2011,"Female","[45:50)","pt_popsize",348
"1666",2012,"Female","[45:50)","pt_popsize",329
"1667",2014,"Female","[45:50)","pt_popsize",349
"1668",2016,"Female","[45:50)","pt_popsize",406
"1669",1999,"Male","[45:50)","pt_popsize",128
"1670",2000,"Male","[45:50)","pt_popsize",161
"1671",2002,"Male","[45:50)","pt_popsize",203
"1672",2003,"Male","[45:50)","pt_popsize",155
"1673",2004,"Male","[45:50)","pt_popsize",143
"1674",2006,"Male","[45:50)","pt_popsize",185
"1675",2007,"Male","[45:50)","pt_popsize",214
"1676",2009,"Male","[45:50)","pt_popsize",223
"1677",2011,"Male","[45:50)","pt_popsize",242
"1678",2012,"Male","[45:50)","pt_popsize",305
"1679",2014,"Male","[45:50)","pt_popsize",368
"1680",2016,"Male","[45:50)","pt_popsize",420
